2026-01-15 21:52:45,988 - INFO - Results will be saved to: exp/FUSION_batch32_epochs100
2026-01-15 21:52:45,988 - INFO - Alive
2026-01-15 21:52:45,988 - INFO - Found 80 patients
2026-01-15 21:52:45,989 - INFO - Train: 51 patients
2026-01-15 21:52:45,989 - INFO - Val: 13 patients
2026-01-15 21:52:45,989 - INFO - Test: 16 patients
2026-01-15 21:52:45,994 - INFO - 
Testing data loading...
2026-01-15 21:52:48,348 - INFO - Batch image shape: torch.Size([32, 1, 256, 256])
2026-01-15 21:52:48,348 - INFO - Batch labels shape: torch.Size([32, 3, 256, 256])
2026-01-15 21:52:49,231 - INFO - Initialized trainer on device: cuda
2026-01-15 21:52:49,232 - INFO - Model parameters: 17,261,955
2026-01-15 21:52:49,232 - INFO - Starting training for 100 epochs
2026-01-15 21:52:52,263 - INFO -   Batch 1/2: Loss=2.3699, Dice=0.0929
2026-01-15 21:52:53,900 - INFO -   Batch 2/2: Loss=2.2228, Dice=0.0751
2026-01-15 21:52:54,948 - INFO -   Saved best model with Dice: 0.0101
2026-01-15 21:52:54,948 - INFO - 
Epoch 1/100 (5.7s):
2026-01-15 21:52:54,948 - INFO -   Train - Loss: 2.2964, Dice: 0.0840
2026-01-15 21:52:54,948 - INFO -   Val   - Loss: 1.0587, Dice: 0.0101
2026-01-15 21:52:54,948 - INFO -   Per-class Dice:
2026-01-15 21:52:54,948 - INFO -     Class 0: 0.0009
2026-01-15 21:52:54,948 - INFO -     Class 1: 0.0000
2026-01-15 21:52:54,948 - INFO -     Class 2: 0.0295
2026-01-15 21:52:57,013 - INFO -   Batch 1/2: Loss=2.0606, Dice=0.1018
2026-01-15 21:52:58,214 - INFO -   Batch 2/2: Loss=1.9823, Dice=0.0869
2026-01-15 21:52:59,440 - INFO -   Saved best model with Dice: 0.0131
2026-01-15 21:52:59,440 - INFO - 
Epoch 2/100 (4.5s):
2026-01-15 21:52:59,440 - INFO -   Train - Loss: 2.0214, Dice: 0.0944
2026-01-15 21:52:59,440 - INFO -   Val   - Loss: 1.0546, Dice: 0.0131
2026-01-15 21:52:59,440 - INFO -   Per-class Dice:
2026-01-15 21:52:59,440 - INFO -     Class 0: 0.0096
2026-01-15 21:52:59,440 - INFO -     Class 1: 0.0000
2026-01-15 21:52:59,440 - INFO -     Class 2: 0.0297
2026-01-15 21:53:01,490 - INFO -   Batch 1/2: Loss=1.8479, Dice=0.1119
2026-01-15 21:53:02,763 - INFO -   Batch 2/2: Loss=1.7761, Dice=0.1304
2026-01-15 21:53:03,951 - INFO -   Saved best model with Dice: 0.0177
2026-01-15 21:53:03,951 - INFO - 
Epoch 3/100 (4.5s):
2026-01-15 21:53:03,951 - INFO -   Train - Loss: 1.8120, Dice: 0.1211
2026-01-15 21:53:03,951 - INFO -   Val   - Loss: 1.0537, Dice: 0.0177
2026-01-15 21:53:03,951 - INFO -   Per-class Dice:
2026-01-15 21:53:03,951 - INFO -     Class 0: 0.0231
2026-01-15 21:53:03,951 - INFO -     Class 1: 0.0000
2026-01-15 21:53:03,951 - INFO -     Class 2: 0.0299
2026-01-15 21:53:06,027 - INFO -   Batch 1/2: Loss=1.6696, Dice=0.1521
2026-01-15 21:53:07,170 - INFO -   Batch 2/2: Loss=1.5978, Dice=0.1532
2026-01-15 21:53:08,261 - INFO -   Saved best model with Dice: 0.0177
2026-01-15 21:53:08,261 - INFO - 
Epoch 4/100 (4.3s):
2026-01-15 21:53:08,261 - INFO -   Train - Loss: 1.6337, Dice: 0.1526
2026-01-15 21:53:08,261 - INFO -   Val   - Loss: 1.0720, Dice: 0.0177
2026-01-15 21:53:08,261 - INFO -   Per-class Dice:
2026-01-15 21:53:08,261 - INFO -     Class 0: 0.0231
2026-01-15 21:53:08,261 - INFO -     Class 1: 0.0000
2026-01-15 21:53:08,261 - INFO -     Class 2: 0.0300
2026-01-15 21:53:10,354 - INFO -   Batch 1/2: Loss=1.4989, Dice=0.1811
2026-01-15 21:53:11,511 - INFO -   Batch 2/2: Loss=1.4633, Dice=0.1700
2026-01-15 21:53:12,458 - INFO - 
Epoch 5/100 (4.2s):
2026-01-15 21:53:12,458 - INFO -   Train - Loss: 1.4811, Dice: 0.1755
2026-01-15 21:53:12,458 - INFO -   Val   - Loss: 1.0627, Dice: 0.0148
2026-01-15 21:53:12,458 - INFO -   Per-class Dice:
2026-01-15 21:53:12,458 - INFO -     Class 0: 0.0141
2026-01-15 21:53:12,458 - INFO -     Class 1: 0.0000
2026-01-15 21:53:12,459 - INFO -     Class 2: 0.0303
2026-01-15 21:53:14,771 - INFO -   Batch 1/2: Loss=1.3778, Dice=0.2074
2026-01-15 21:53:15,928 - INFO -   Batch 2/2: Loss=1.3117, Dice=0.2416
2026-01-15 21:53:16,854 - INFO - 
Epoch 6/100 (4.4s):
2026-01-15 21:53:16,854 - INFO -   Train - Loss: 1.3448, Dice: 0.2245
2026-01-15 21:53:16,854 - INFO -   Val   - Loss: 1.0510, Dice: 0.0131
2026-01-15 21:53:16,854 - INFO -   Per-class Dice:
2026-01-15 21:53:16,854 - INFO -     Class 0: 0.0090
2026-01-15 21:53:16,854 - INFO -     Class 1: 0.0000
2026-01-15 21:53:16,854 - INFO -     Class 2: 0.0301
2026-01-15 21:53:18,819 - INFO -   Batch 1/2: Loss=1.2386, Dice=0.2563
2026-01-15 21:53:20,021 - INFO -   Batch 2/2: Loss=1.1614, Dice=0.2889
2026-01-15 21:53:20,937 - INFO - 
Epoch 7/100 (4.1s):
2026-01-15 21:53:20,937 - INFO -   Train - Loss: 1.2000, Dice: 0.2726
2026-01-15 21:53:20,937 - INFO -   Val   - Loss: 1.0223, Dice: 0.0166
2026-01-15 21:53:20,937 - INFO -   Per-class Dice:
2026-01-15 21:53:20,937 - INFO -     Class 0: 0.0201
2026-01-15 21:53:20,938 - INFO -     Class 1: 0.0000
2026-01-15 21:53:20,938 - INFO -     Class 2: 0.0296
2026-01-15 21:53:23,021 - INFO -   Batch 1/2: Loss=1.1196, Dice=0.2980
2026-01-15 21:53:24,169 - INFO -   Batch 2/2: Loss=1.1366, Dice=0.3004
2026-01-15 21:53:25,245 - INFO -   Saved best model with Dice: 0.0367
2026-01-15 21:53:25,246 - INFO - 
Epoch 8/100 (4.3s):
2026-01-15 21:53:25,246 - INFO -   Train - Loss: 1.1281, Dice: 0.2992
2026-01-15 21:53:25,246 - INFO -   Val   - Loss: 1.0200, Dice: 0.0367
2026-01-15 21:53:25,246 - INFO -   Per-class Dice:
2026-01-15 21:53:25,246 - INFO -     Class 0: 0.0794
2026-01-15 21:53:25,246 - INFO -     Class 1: 0.0000
2026-01-15 21:53:25,246 - INFO -     Class 2: 0.0307
2026-01-15 21:53:27,271 - INFO -   Batch 1/2: Loss=1.0384, Dice=0.3363
2026-01-15 21:53:28,459 - INFO -   Batch 2/2: Loss=0.9595, Dice=0.3581
2026-01-15 21:53:29,592 - INFO -   Saved best model with Dice: 0.1439
2026-01-15 21:53:29,592 - INFO - 
Epoch 9/100 (4.3s):
2026-01-15 21:53:29,592 - INFO -   Train - Loss: 0.9990, Dice: 0.3472
2026-01-15 21:53:29,592 - INFO -   Val   - Loss: 0.9938, Dice: 0.1439
2026-01-15 21:53:29,592 - INFO -   Per-class Dice:
2026-01-15 21:53:29,592 - INFO -     Class 0: 0.4003
2026-01-15 21:53:29,592 - INFO -     Class 1: 0.0000
2026-01-15 21:53:29,592 - INFO -     Class 2: 0.0315
2026-01-15 21:53:31,641 - INFO -   Batch 1/2: Loss=0.9544, Dice=0.3727
2026-01-15 21:53:32,784 - INFO -   Batch 2/2: Loss=0.9653, Dice=0.3524
2026-01-15 21:53:33,883 - INFO -   Saved best model with Dice: 0.2513
2026-01-15 21:53:33,884 - INFO - 
Epoch 10/100 (4.3s):
2026-01-15 21:53:33,884 - INFO -   Train - Loss: 0.9598, Dice: 0.3625
2026-01-15 21:53:33,884 - INFO -   Val   - Loss: 0.9816, Dice: 0.2513
2026-01-15 21:53:33,884 - INFO -   Per-class Dice:
2026-01-15 21:53:33,884 - INFO -     Class 0: 0.7364
2026-01-15 21:53:33,884 - INFO -     Class 1: 0.0000
2026-01-15 21:53:33,884 - INFO -     Class 2: 0.0175
2026-01-15 21:53:35,869 - INFO -   Batch 1/2: Loss=0.8832, Dice=0.3981
2026-01-15 21:53:37,088 - INFO -   Batch 2/2: Loss=0.8455, Dice=0.4125
2026-01-15 21:53:38,149 - INFO -   Saved best model with Dice: 0.3037
2026-01-15 21:53:38,150 - INFO - 
Epoch 11/100 (4.3s):
2026-01-15 21:53:38,150 - INFO -   Train - Loss: 0.8643, Dice: 0.4053
2026-01-15 21:53:38,150 - INFO -   Val   - Loss: 0.9682, Dice: 0.3037
2026-01-15 21:53:38,150 - INFO -   Per-class Dice:
2026-01-15 21:53:38,150 - INFO -     Class 0: 0.8915
2026-01-15 21:53:38,150 - INFO -     Class 1: 0.0000
2026-01-15 21:53:38,150 - INFO -     Class 2: 0.0197
2026-01-15 21:53:40,196 - INFO -   Batch 1/2: Loss=0.8010, Dice=0.4428
2026-01-15 21:53:41,370 - INFO -   Batch 2/2: Loss=0.8234, Dice=0.4351
2026-01-15 21:53:42,447 - INFO -   Saved best model with Dice: 0.3194
2026-01-15 21:53:42,447 - INFO - 
Epoch 12/100 (4.3s):
2026-01-15 21:53:42,447 - INFO -   Train - Loss: 0.8122, Dice: 0.4389
2026-01-15 21:53:42,447 - INFO -   Val   - Loss: 0.9575, Dice: 0.3194
2026-01-15 21:53:42,447 - INFO -   Per-class Dice:
2026-01-15 21:53:42,447 - INFO -     Class 0: 0.9421
2026-01-15 21:53:42,447 - INFO -     Class 1: 0.0000
2026-01-15 21:53:42,447 - INFO -     Class 2: 0.0161
2026-01-15 21:53:44,490 - INFO -   Batch 1/2: Loss=0.7807, Dice=0.4520
2026-01-15 21:53:45,653 - INFO -   Batch 2/2: Loss=0.7428, Dice=0.4822
2026-01-15 21:53:46,706 - INFO - 
Epoch 13/100 (4.3s):
2026-01-15 21:53:46,706 - INFO -   Train - Loss: 0.7618, Dice: 0.4671
2026-01-15 21:53:46,706 - INFO -   Val   - Loss: 0.9566, Dice: 0.3188
2026-01-15 21:53:46,706 - INFO -   Per-class Dice:
2026-01-15 21:53:46,706 - INFO -     Class 0: 0.9439
2026-01-15 21:53:46,706 - INFO -     Class 1: 0.0000
2026-01-15 21:53:46,707 - INFO -     Class 2: 0.0125
2026-01-15 21:53:48,720 - INFO -   Batch 1/2: Loss=0.7175, Dice=0.4949
2026-01-15 21:53:49,889 - INFO -   Batch 2/2: Loss=0.7051, Dice=0.5311
2026-01-15 21:53:50,914 - INFO -   Saved best model with Dice: 0.3219
2026-01-15 21:53:50,914 - INFO - 
Epoch 14/100 (4.2s):
2026-01-15 21:53:50,914 - INFO -   Train - Loss: 0.7113, Dice: 0.5130
2026-01-15 21:53:50,914 - INFO -   Val   - Loss: 0.9534, Dice: 0.3219
2026-01-15 21:53:50,915 - INFO -   Per-class Dice:
2026-01-15 21:53:50,915 - INFO -     Class 0: 0.9625
2026-01-15 21:53:50,915 - INFO -     Class 1: 0.0000
2026-01-15 21:53:50,915 - INFO -     Class 2: 0.0033
2026-01-15 21:53:52,934 - INFO -   Batch 1/2: Loss=0.6721, Dice=0.5399
2026-01-15 21:53:54,170 - INFO -   Batch 2/2: Loss=0.6565, Dice=0.5529
2026-01-15 21:53:55,351 - INFO -   Saved best model with Dice: 0.3267
2026-01-15 21:53:55,351 - INFO - 
Epoch 15/100 (4.4s):
2026-01-15 21:53:55,351 - INFO -   Train - Loss: 0.6643, Dice: 0.5464
2026-01-15 21:53:55,351 - INFO -   Val   - Loss: 0.9446, Dice: 0.3267
2026-01-15 21:53:55,351 - INFO -   Per-class Dice:
2026-01-15 21:53:55,351 - INFO -     Class 0: 0.9792
2026-01-15 21:53:55,351 - INFO -     Class 1: 0.0000
2026-01-15 21:53:55,352 - INFO -     Class 2: 0.0009
2026-01-15 21:53:57,372 - INFO -   Batch 1/2: Loss=0.6400, Dice=0.5696
2026-01-15 21:53:58,668 - INFO -   Batch 2/2: Loss=0.6088, Dice=0.6102
2026-01-15 21:54:00,036 - INFO -   Saved best model with Dice: 0.3274
2026-01-15 21:54:00,036 - INFO - 
Epoch 16/100 (4.7s):
2026-01-15 21:54:00,036 - INFO -   Train - Loss: 0.6244, Dice: 0.5899
2026-01-15 21:54:00,036 - INFO -   Val   - Loss: 0.9378, Dice: 0.3274
2026-01-15 21:54:00,036 - INFO -   Per-class Dice:
2026-01-15 21:54:00,036 - INFO -     Class 0: 0.9818
2026-01-15 21:54:00,036 - INFO -     Class 1: 0.0000
2026-01-15 21:54:00,036 - INFO -     Class 2: 0.0005
2026-01-15 21:54:02,220 - INFO -   Batch 1/2: Loss=0.6086, Dice=0.6010
2026-01-15 21:54:03,419 - INFO -   Batch 2/2: Loss=0.5625, Dice=0.6461
2026-01-15 21:54:04,712 - INFO -   Saved best model with Dice: 0.3281
2026-01-15 21:54:04,712 - INFO - 
Epoch 17/100 (4.7s):
2026-01-15 21:54:04,712 - INFO -   Train - Loss: 0.5856, Dice: 0.6236
2026-01-15 21:54:04,712 - INFO -   Val   - Loss: 0.9354, Dice: 0.3281
2026-01-15 21:54:04,712 - INFO -   Per-class Dice:
2026-01-15 21:54:04,712 - INFO -     Class 0: 0.9833
2026-01-15 21:54:04,712 - INFO -     Class 1: 0.0000
2026-01-15 21:54:04,712 - INFO -     Class 2: 0.0010
2026-01-15 21:54:06,704 - INFO -   Batch 1/2: Loss=0.5526, Dice=0.6394
2026-01-15 21:54:08,006 - INFO -   Batch 2/2: Loss=0.5549, Dice=0.6620
2026-01-15 21:54:09,197 - INFO -   Saved best model with Dice: 0.3304
2026-01-15 21:54:09,197 - INFO - 
Epoch 18/100 (4.5s):
2026-01-15 21:54:09,197 - INFO -   Train - Loss: 0.5538, Dice: 0.6507
2026-01-15 21:54:09,197 - INFO -   Val   - Loss: 0.9355, Dice: 0.3304
2026-01-15 21:54:09,197 - INFO -   Per-class Dice:
2026-01-15 21:54:09,197 - INFO -     Class 0: 0.9766
2026-01-15 21:54:09,197 - INFO -     Class 1: 0.0000
2026-01-15 21:54:09,197 - INFO -     Class 2: 0.0146
2026-01-15 21:54:11,501 - INFO -   Batch 1/2: Loss=0.5351, Dice=0.6869
2026-01-15 21:54:12,619 - INFO -   Batch 2/2: Loss=0.6355, Dice=0.5440
2026-01-15 21:54:13,960 - INFO -   Saved best model with Dice: 0.3308
2026-01-15 21:54:13,960 - INFO - 
Epoch 19/100 (4.8s):
2026-01-15 21:54:13,960 - INFO -   Train - Loss: 0.5853, Dice: 0.6155
2026-01-15 21:54:13,960 - INFO -   Val   - Loss: 0.9382, Dice: 0.3308
2026-01-15 21:54:13,960 - INFO -   Per-class Dice:
2026-01-15 21:54:13,960 - INFO -     Class 0: 0.9620
2026-01-15 21:54:13,960 - INFO -     Class 1: 0.0000
2026-01-15 21:54:13,960 - INFO -     Class 2: 0.0304
2026-01-15 21:54:15,912 - INFO -   Batch 1/2: Loss=0.5119, Dice=0.7011
2026-01-15 21:54:17,212 - INFO -   Batch 2/2: Loss=0.6301, Dice=0.5604
2026-01-15 21:54:18,158 - INFO - 
Epoch 20/100 (4.2s):
2026-01-15 21:54:18,158 - INFO -   Train - Loss: 0.5710, Dice: 0.6308
2026-01-15 21:54:18,158 - INFO -   Val   - Loss: 0.9360, Dice: 0.3302
2026-01-15 21:54:18,158 - INFO -   Per-class Dice:
2026-01-15 21:54:18,158 - INFO -     Class 0: 0.9706
2026-01-15 21:54:18,158 - INFO -     Class 1: 0.0000
2026-01-15 21:54:18,158 - INFO -     Class 2: 0.0199
2026-01-15 21:54:20,178 - INFO -   Batch 1/2: Loss=0.4989, Dice=0.6840
2026-01-15 21:54:21,357 - INFO -   Batch 2/2: Loss=0.4894, Dice=0.6722
2026-01-15 21:54:22,296 - INFO - 
Epoch 21/100 (4.1s):
2026-01-15 21:54:22,296 - INFO -   Train - Loss: 0.4941, Dice: 0.6781
2026-01-15 21:54:22,296 - INFO -   Val   - Loss: 0.9275, Dice: 0.3295
2026-01-15 21:54:22,296 - INFO -   Per-class Dice:
2026-01-15 21:54:22,297 - INFO -     Class 0: 0.9837
2026-01-15 21:54:22,297 - INFO -     Class 1: 0.0000
2026-01-15 21:54:22,297 - INFO -     Class 2: 0.0049
2026-01-15 21:54:24,328 - INFO -   Batch 1/2: Loss=0.4714, Dice=0.7213
2026-01-15 21:54:25,540 - INFO -   Batch 2/2: Loss=0.4678, Dice=0.6633
2026-01-15 21:54:26,640 - INFO -   Saved best model with Dice: 0.3349
2026-01-15 21:54:26,640 - INFO - 
Epoch 22/100 (4.3s):
2026-01-15 21:54:26,640 - INFO -   Train - Loss: 0.4696, Dice: 0.6923
2026-01-15 21:54:26,640 - INFO -   Val   - Loss: 0.9238, Dice: 0.3349
2026-01-15 21:54:26,640 - INFO -   Per-class Dice:
2026-01-15 21:54:26,640 - INFO -     Class 0: 0.9819
2026-01-15 21:54:26,640 - INFO -     Class 1: 0.0000
2026-01-15 21:54:26,640 - INFO -     Class 2: 0.0228
2026-01-15 21:54:28,665 - INFO -   Batch 1/2: Loss=0.4783, Dice=0.6593
2026-01-15 21:54:29,848 - INFO -   Batch 2/2: Loss=0.9543, Dice=0.3774
2026-01-15 21:54:30,796 - INFO - 
Epoch 23/100 (4.2s):
2026-01-15 21:54:30,796 - INFO -   Train - Loss: 0.7163, Dice: 0.5183
2026-01-15 21:54:30,796 - INFO -   Val   - Loss: 0.9219, Dice: 0.3333
2026-01-15 21:54:30,796 - INFO -   Per-class Dice:
2026-01-15 21:54:30,796 - INFO -     Class 0: 0.9827
2026-01-15 21:54:30,796 - INFO -     Class 1: 0.0000
2026-01-15 21:54:30,796 - INFO -     Class 2: 0.0173
2026-01-15 21:54:32,880 - INFO -   Batch 1/2: Loss=0.4761, Dice=0.6866
2026-01-15 21:54:34,034 - INFO -   Batch 2/2: Loss=0.5569, Dice=0.6470
2026-01-15 21:54:35,221 - INFO - 
Epoch 24/100 (4.4s):
2026-01-15 21:54:35,222 - INFO -   Train - Loss: 0.5165, Dice: 0.6668
2026-01-15 21:54:35,222 - INFO -   Val   - Loss: 0.9185, Dice: 0.3347
2026-01-15 21:54:35,222 - INFO -   Per-class Dice:
2026-01-15 21:54:35,222 - INFO -     Class 0: 0.9847
2026-01-15 21:54:35,222 - INFO -     Class 1: 0.0000
2026-01-15 21:54:35,222 - INFO -     Class 2: 0.0194
2026-01-15 21:54:37,267 - INFO -   Batch 1/2: Loss=0.4679, Dice=0.7009
2026-01-15 21:54:38,406 - INFO -   Batch 2/2: Loss=0.4899, Dice=0.6722
2026-01-15 21:54:39,488 - INFO -   Saved best model with Dice: 0.3370
2026-01-15 21:54:39,488 - INFO - 
Epoch 25/100 (4.3s):
2026-01-15 21:54:39,488 - INFO -   Train - Loss: 0.4789, Dice: 0.6866
2026-01-15 21:54:39,488 - INFO -   Val   - Loss: 0.9154, Dice: 0.3370
2026-01-15 21:54:39,488 - INFO -   Per-class Dice:
2026-01-15 21:54:39,488 - INFO -     Class 0: 0.9866
2026-01-15 21:54:39,488 - INFO -     Class 1: 0.0000
2026-01-15 21:54:39,488 - INFO -     Class 2: 0.0244
2026-01-15 21:54:41,494 - INFO -   Batch 1/2: Loss=0.4814, Dice=0.6958
2026-01-15 21:54:42,681 - INFO -   Batch 2/2: Loss=0.5531, Dice=0.5910
2026-01-15 21:54:43,609 - INFO - 
Epoch 26/100 (4.1s):
2026-01-15 21:54:43,609 - INFO -   Train - Loss: 0.5172, Dice: 0.6434
2026-01-15 21:54:43,609 - INFO -   Val   - Loss: 0.9125, Dice: 0.3302
2026-01-15 21:54:43,609 - INFO -   Per-class Dice:
2026-01-15 21:54:43,609 - INFO -     Class 0: 0.9895
2026-01-15 21:54:43,609 - INFO -     Class 1: 0.0000
2026-01-15 21:54:43,609 - INFO -     Class 2: 0.0011
2026-01-15 21:54:45,586 - INFO -   Batch 1/2: Loss=0.4567, Dice=0.7006
2026-01-15 21:54:46,826 - INFO -   Batch 2/2: Loss=0.4822, Dice=0.6967
2026-01-15 21:54:47,763 - INFO - 
Epoch 27/100 (4.2s):
2026-01-15 21:54:47,763 - INFO -   Train - Loss: 0.4695, Dice: 0.6986
2026-01-15 21:54:47,763 - INFO -   Val   - Loss: 0.9106, Dice: 0.3332
2026-01-15 21:54:47,763 - INFO -   Per-class Dice:
2026-01-15 21:54:47,763 - INFO -     Class 0: 0.9896
2026-01-15 21:54:47,763 - INFO -     Class 1: 0.0000
2026-01-15 21:54:47,763 - INFO -     Class 2: 0.0101
2026-01-15 21:54:49,840 - INFO -   Batch 1/2: Loss=0.4380, Dice=0.7218
2026-01-15 21:54:50,998 - INFO -   Batch 2/2: Loss=0.4335, Dice=0.6906
2026-01-15 21:54:52,089 - INFO -   Saved best model with Dice: 0.3629
2026-01-15 21:54:52,089 - INFO - 
Epoch 28/100 (4.3s):
2026-01-15 21:54:52,089 - INFO -   Train - Loss: 0.4358, Dice: 0.7062
2026-01-15 21:54:52,089 - INFO -   Val   - Loss: 0.9074, Dice: 0.3629
2026-01-15 21:54:52,089 - INFO -   Per-class Dice:
2026-01-15 21:54:52,089 - INFO -     Class 0: 0.9879
2026-01-15 21:54:52,089 - INFO -     Class 1: 0.0000
2026-01-15 21:54:52,089 - INFO -     Class 2: 0.1007
2026-01-15 21:54:54,147 - INFO -   Batch 1/2: Loss=0.4136, Dice=0.6942
2026-01-15 21:54:55,325 - INFO -   Batch 2/2: Loss=0.4555, Dice=0.7010
2026-01-15 21:54:56,228 - INFO - 
Epoch 29/100 (4.1s):
2026-01-15 21:54:56,228 - INFO -   Train - Loss: 0.4345, Dice: 0.6976
2026-01-15 21:54:56,228 - INFO -   Val   - Loss: 0.9064, Dice: 0.3504
2026-01-15 21:54:56,228 - INFO -   Per-class Dice:
2026-01-15 21:54:56,228 - INFO -     Class 0: 0.9896
2026-01-15 21:54:56,228 - INFO -     Class 1: 0.0000
2026-01-15 21:54:56,228 - INFO -     Class 2: 0.0616
2026-01-15 21:54:58,307 - INFO -   Batch 1/2: Loss=0.3961, Dice=0.7255
2026-01-15 21:54:59,498 - INFO -   Batch 2/2: Loss=0.4108, Dice=0.6874
2026-01-15 21:55:00,434 - INFO - 
Epoch 30/100 (4.2s):
2026-01-15 21:55:00,434 - INFO -   Train - Loss: 0.4034, Dice: 0.7064
2026-01-15 21:55:00,435 - INFO -   Val   - Loss: 0.9068, Dice: 0.3315
2026-01-15 21:55:00,435 - INFO -   Per-class Dice:
2026-01-15 21:55:00,435 - INFO -     Class 0: 0.9897
2026-01-15 21:55:00,435 - INFO -     Class 1: 0.0000
2026-01-15 21:55:00,435 - INFO -     Class 2: 0.0048
2026-01-15 21:55:02,500 - INFO -   Batch 1/2: Loss=0.3989, Dice=0.7083
2026-01-15 21:55:03,656 - INFO -   Batch 2/2: Loss=0.3912, Dice=0.7341
2026-01-15 21:55:04,762 - INFO -   Saved best model with Dice: 0.3986
2026-01-15 21:55:04,762 - INFO - 
Epoch 31/100 (4.3s):
2026-01-15 21:55:04,762 - INFO -   Train - Loss: 0.3951, Dice: 0.7212
2026-01-15 21:55:04,762 - INFO -   Val   - Loss: 0.8986, Dice: 0.3986
2026-01-15 21:55:04,762 - INFO -   Per-class Dice:
2026-01-15 21:55:04,762 - INFO -     Class 0: 0.9896
2026-01-15 21:55:04,762 - INFO -     Class 1: 0.0000
2026-01-15 21:55:04,762 - INFO -     Class 2: 0.2062
2026-01-15 21:55:06,763 - INFO -   Batch 1/2: Loss=0.3791, Dice=0.7284
2026-01-15 21:55:07,959 - INFO -   Batch 2/2: Loss=0.4194, Dice=0.6827
2026-01-15 21:55:09,046 - INFO -   Saved best model with Dice: 0.4693
2026-01-15 21:55:09,047 - INFO - 
Epoch 32/100 (4.3s):
2026-01-15 21:55:09,047 - INFO -   Train - Loss: 0.3993, Dice: 0.7056
2026-01-15 21:55:09,047 - INFO -   Val   - Loss: 0.8851, Dice: 0.4693
2026-01-15 21:55:09,047 - INFO -   Per-class Dice:
2026-01-15 21:55:09,047 - INFO -     Class 0: 0.9878
2026-01-15 21:55:09,047 - INFO -     Class 1: 0.0000
2026-01-15 21:55:09,047 - INFO -     Class 2: 0.4202
2026-01-15 21:55:11,043 - INFO -   Batch 1/2: Loss=0.3753, Dice=0.7077
2026-01-15 21:55:12,256 - INFO -   Batch 2/2: Loss=0.3784, Dice=0.7340
2026-01-15 21:55:13,360 - INFO -   Saved best model with Dice: 0.5024
2026-01-15 21:55:13,360 - INFO - 
Epoch 33/100 (4.3s):
2026-01-15 21:55:13,360 - INFO -   Train - Loss: 0.3768, Dice: 0.7209
2026-01-15 21:55:13,360 - INFO -   Val   - Loss: 0.8847, Dice: 0.5024
2026-01-15 21:55:13,360 - INFO -   Per-class Dice:
2026-01-15 21:55:13,360 - INFO -     Class 0: 0.9921
2026-01-15 21:55:13,360 - INFO -     Class 1: 0.0000
2026-01-15 21:55:13,360 - INFO -     Class 2: 0.5152
2026-01-15 21:55:15,440 - INFO -   Batch 1/2: Loss=0.3646, Dice=0.7415
2026-01-15 21:55:16,622 - INFO -   Batch 2/2: Loss=0.3874, Dice=0.7003
2026-01-15 21:55:17,561 - INFO - 
Epoch 34/100 (4.2s):
2026-01-15 21:55:17,561 - INFO -   Train - Loss: 0.3760, Dice: 0.7209
2026-01-15 21:55:17,561 - INFO -   Val   - Loss: 0.8923, Dice: 0.4414
2026-01-15 21:55:17,561 - INFO -   Per-class Dice:
2026-01-15 21:55:17,561 - INFO -     Class 0: 0.9911
2026-01-15 21:55:17,561 - INFO -     Class 1: 0.0004
2026-01-15 21:55:17,561 - INFO -     Class 2: 0.3326
2026-01-15 21:55:19,560 - INFO -   Batch 1/2: Loss=0.3797, Dice=0.7275
2026-01-15 21:55:20,810 - INFO -   Batch 2/2: Loss=0.3736, Dice=0.7120
2026-01-15 21:55:21,743 - INFO - 
Epoch 35/100 (4.2s):
2026-01-15 21:55:21,743 - INFO -   Train - Loss: 0.3767, Dice: 0.7198
2026-01-15 21:55:21,744 - INFO -   Val   - Loss: 0.8970, Dice: 0.4009
2026-01-15 21:55:21,744 - INFO -   Per-class Dice:
2026-01-15 21:55:21,744 - INFO -     Class 0: 0.9905
2026-01-15 21:55:21,744 - INFO -     Class 1: 0.0000
2026-01-15 21:55:21,744 - INFO -     Class 2: 0.2121
2026-01-15 21:55:23,759 - INFO -   Batch 1/2: Loss=0.3587, Dice=0.7084
2026-01-15 21:55:24,935 - INFO -   Batch 2/2: Loss=0.3493, Dice=0.7612
2026-01-15 21:55:25,849 - INFO - 
Epoch 36/100 (4.1s):
2026-01-15 21:55:25,849 - INFO -   Train - Loss: 0.3540, Dice: 0.7348
2026-01-15 21:55:25,849 - INFO -   Val   - Loss: 0.8962, Dice: 0.4054
2026-01-15 21:55:25,849 - INFO -   Per-class Dice:
2026-01-15 21:55:25,849 - INFO -     Class 0: 0.9906
2026-01-15 21:55:25,849 - INFO -     Class 1: 0.0000
2026-01-15 21:55:25,849 - INFO -     Class 2: 0.2256
2026-01-15 21:55:27,931 - INFO -   Batch 1/2: Loss=0.3339, Dice=0.7776
2026-01-15 21:55:29,080 - INFO -   Batch 2/2: Loss=0.3706, Dice=0.6951
2026-01-15 21:55:30,051 - INFO - 
Epoch 37/100 (4.2s):
2026-01-15 21:55:30,051 - INFO -   Train - Loss: 0.3522, Dice: 0.7364
2026-01-15 21:55:30,051 - INFO -   Val   - Loss: 0.8844, Dice: 0.4968
2026-01-15 21:55:30,051 - INFO -   Per-class Dice:
2026-01-15 21:55:30,051 - INFO -     Class 0: 0.9919
2026-01-15 21:55:30,051 - INFO -     Class 1: 0.0175
2026-01-15 21:55:30,051 - INFO -     Class 2: 0.4810
2026-01-15 21:55:32,086 - INFO -   Batch 1/2: Loss=0.3436, Dice=0.7258
2026-01-15 21:55:33,278 - INFO -   Batch 2/2: Loss=0.3382, Dice=0.7432
2026-01-15 21:55:34,360 - INFO -   Saved best model with Dice: 0.5780
2026-01-15 21:55:34,360 - INFO - 
Epoch 38/100 (4.3s):
2026-01-15 21:55:34,360 - INFO -   Train - Loss: 0.3409, Dice: 0.7345
2026-01-15 21:55:34,360 - INFO -   Val   - Loss: 0.8732, Dice: 0.5780
2026-01-15 21:55:34,360 - INFO -   Per-class Dice:
2026-01-15 21:55:34,360 - INFO -     Class 0: 0.9933
2026-01-15 21:55:34,360 - INFO -     Class 1: 0.0797
2026-01-15 21:55:34,360 - INFO -     Class 2: 0.6608
2026-01-15 21:55:36,389 - INFO -   Batch 1/2: Loss=0.3315, Dice=0.7310
2026-01-15 21:55:37,567 - INFO -   Batch 2/2: Loss=0.3426, Dice=0.7299
2026-01-15 21:55:38,634 - INFO - 
Epoch 39/100 (4.3s):
2026-01-15 21:55:38,634 - INFO -   Train - Loss: 0.3370, Dice: 0.7305
2026-01-15 21:55:38,634 - INFO -   Val   - Loss: 0.8745, Dice: 0.5749
2026-01-15 21:55:38,634 - INFO -   Per-class Dice:
2026-01-15 21:55:38,634 - INFO -     Class 0: 0.9933
2026-01-15 21:55:38,634 - INFO -     Class 1: 0.0825
2026-01-15 21:55:38,634 - INFO -     Class 2: 0.6489
2026-01-15 21:55:40,603 - INFO -   Batch 1/2: Loss=0.3420, Dice=0.7359
2026-01-15 21:55:41,847 - INFO -   Batch 2/2: Loss=0.3191, Dice=0.7390
2026-01-15 21:55:42,932 - INFO -   Saved best model with Dice: 0.5845
2026-01-15 21:55:42,932 - INFO - 
Epoch 40/100 (4.3s):
2026-01-15 21:55:42,932 - INFO -   Train - Loss: 0.3305, Dice: 0.7375
2026-01-15 21:55:42,932 - INFO -   Val   - Loss: 0.8756, Dice: 0.5845
2026-01-15 21:55:42,932 - INFO -   Per-class Dice:
2026-01-15 21:55:42,932 - INFO -     Class 0: 0.9930
2026-01-15 21:55:42,932 - INFO -     Class 1: 0.1484
2026-01-15 21:55:42,932 - INFO -     Class 2: 0.6121
2026-01-15 21:55:44,958 - INFO -   Batch 1/2: Loss=0.3217, Dice=0.7356
2026-01-15 21:55:46,171 - INFO -   Batch 2/2: Loss=0.3356, Dice=0.7440
2026-01-15 21:55:47,247 - INFO -   Saved best model with Dice: 0.6268
2026-01-15 21:55:47,247 - INFO - 
Epoch 41/100 (4.3s):
2026-01-15 21:55:47,247 - INFO -   Train - Loss: 0.3286, Dice: 0.7398
2026-01-15 21:55:47,247 - INFO -   Val   - Loss: 0.8722, Dice: 0.6268
2026-01-15 21:55:47,247 - INFO -   Per-class Dice:
2026-01-15 21:55:47,247 - INFO -     Class 0: 0.9936
2026-01-15 21:55:47,247 - INFO -     Class 1: 0.2432
2026-01-15 21:55:47,247 - INFO -     Class 2: 0.6436
2026-01-15 21:55:49,282 - INFO -   Batch 1/2: Loss=0.3236, Dice=0.7368
2026-01-15 21:55:50,504 - INFO -   Batch 2/2: Loss=0.3326, Dice=0.7321
2026-01-15 21:55:51,575 - INFO -   Saved best model with Dice: 0.6790
2026-01-15 21:55:51,575 - INFO - 
Epoch 42/100 (4.3s):
2026-01-15 21:55:51,575 - INFO -   Train - Loss: 0.3281, Dice: 0.7344
2026-01-15 21:55:51,575 - INFO -   Val   - Loss: 0.8648, Dice: 0.6790
2026-01-15 21:55:51,575 - INFO -   Per-class Dice:
2026-01-15 21:55:51,575 - INFO -     Class 0: 0.9944
2026-01-15 21:55:51,575 - INFO -     Class 1: 0.3419
2026-01-15 21:55:51,575 - INFO -     Class 2: 0.7008
2026-01-15 21:55:53,555 - INFO -   Batch 1/2: Loss=0.3232, Dice=0.7396
2026-01-15 21:55:54,782 - INFO -   Batch 2/2: Loss=0.3176, Dice=0.7130
2026-01-15 21:55:55,860 - INFO -   Saved best model with Dice: 0.6873
2026-01-15 21:55:55,861 - INFO - 
Epoch 43/100 (4.3s):
2026-01-15 21:55:55,861 - INFO -   Train - Loss: 0.3204, Dice: 0.7263
2026-01-15 21:55:55,861 - INFO -   Val   - Loss: 0.8620, Dice: 0.6873
2026-01-15 21:55:55,861 - INFO -   Per-class Dice:
2026-01-15 21:55:55,861 - INFO -     Class 0: 0.9941
2026-01-15 21:55:55,861 - INFO -     Class 1: 0.3672
2026-01-15 21:55:55,861 - INFO -     Class 2: 0.7007
2026-01-15 21:55:57,946 - INFO -   Batch 1/2: Loss=0.3155, Dice=0.7329
2026-01-15 21:55:59,063 - INFO -   Batch 2/2: Loss=0.3350, Dice=0.7509
2026-01-15 21:56:00,146 - INFO -   Saved best model with Dice: 0.6897
2026-01-15 21:56:00,146 - INFO - 
Epoch 44/100 (4.3s):
2026-01-15 21:56:00,146 - INFO -   Train - Loss: 0.3252, Dice: 0.7419
2026-01-15 21:56:00,146 - INFO -   Val   - Loss: 0.8610, Dice: 0.6897
2026-01-15 21:56:00,146 - INFO -   Per-class Dice:
2026-01-15 21:56:00,146 - INFO -     Class 0: 0.9940
2026-01-15 21:56:00,146 - INFO -     Class 1: 0.3745
2026-01-15 21:56:00,146 - INFO -     Class 2: 0.7006
2026-01-15 21:56:02,431 - INFO -   Batch 1/2: Loss=0.3020, Dice=0.7780
2026-01-15 21:56:03,675 - INFO -   Batch 2/2: Loss=0.3409, Dice=0.6647
2026-01-15 21:56:04,774 - INFO -   Saved best model with Dice: 0.7002
2026-01-15 21:56:04,774 - INFO - 
Epoch 45/100 (4.6s):
2026-01-15 21:56:04,774 - INFO -   Train - Loss: 0.3214, Dice: 0.7214
2026-01-15 21:56:04,774 - INFO -   Val   - Loss: 0.8585, Dice: 0.7002
2026-01-15 21:56:04,774 - INFO -   Per-class Dice:
2026-01-15 21:56:04,774 - INFO -     Class 0: 0.9942
2026-01-15 21:56:04,774 - INFO -     Class 1: 0.3890
2026-01-15 21:56:04,774 - INFO -     Class 2: 0.7174
2026-01-15 21:56:06,823 - INFO -   Batch 1/2: Loss=0.3064, Dice=0.7421
2026-01-15 21:56:08,003 - INFO -   Batch 2/2: Loss=0.3219, Dice=0.7316
2026-01-15 21:56:08,928 - INFO - 
Epoch 46/100 (4.2s):
2026-01-15 21:56:08,928 - INFO -   Train - Loss: 0.3142, Dice: 0.7369
2026-01-15 21:56:08,928 - INFO -   Val   - Loss: 0.8601, Dice: 0.6810
2026-01-15 21:56:08,928 - INFO -   Per-class Dice:
2026-01-15 21:56:08,928 - INFO -     Class 0: 0.9934
2026-01-15 21:56:08,928 - INFO -     Class 1: 0.3681
2026-01-15 21:56:08,928 - INFO -     Class 2: 0.6816
2026-01-15 21:56:10,973 - INFO -   Batch 1/2: Loss=0.3095, Dice=0.7214
2026-01-15 21:56:12,163 - INFO -   Batch 2/2: Loss=0.3171, Dice=0.7659
2026-01-15 21:56:13,096 - INFO - 
Epoch 47/100 (4.2s):
2026-01-15 21:56:13,096 - INFO -   Train - Loss: 0.3133, Dice: 0.7436
2026-01-15 21:56:13,096 - INFO -   Val   - Loss: 0.8556, Dice: 0.6744
2026-01-15 21:56:13,096 - INFO -   Per-class Dice:
2026-01-15 21:56:13,096 - INFO -     Class 0: 0.9922
2026-01-15 21:56:13,096 - INFO -     Class 1: 0.3597
2026-01-15 21:56:13,096 - INFO -     Class 2: 0.6713
2026-01-15 21:56:15,055 - INFO -   Batch 1/2: Loss=0.3088, Dice=0.7207
2026-01-15 21:56:16,318 - INFO -   Batch 2/2: Loss=0.3121, Dice=0.7422
2026-01-15 21:56:17,229 - INFO - 
Epoch 48/100 (4.1s):
2026-01-15 21:56:17,229 - INFO -   Train - Loss: 0.3104, Dice: 0.7314
2026-01-15 21:56:17,229 - INFO -   Val   - Loss: 0.8567, Dice: 0.6875
2026-01-15 21:56:17,229 - INFO -   Per-class Dice:
2026-01-15 21:56:17,229 - INFO -     Class 0: 0.9932
2026-01-15 21:56:17,229 - INFO -     Class 1: 0.3843
2026-01-15 21:56:17,229 - INFO -     Class 2: 0.6850
2026-01-15 21:56:19,214 - INFO -   Batch 1/2: Loss=0.3095, Dice=0.7634
2026-01-15 21:56:20,437 - INFO -   Batch 2/2: Loss=0.3089, Dice=0.6818
2026-01-15 21:56:21,536 - INFO -   Saved best model with Dice: 0.7056
2026-01-15 21:56:21,537 - INFO - 
Epoch 49/100 (4.3s):
2026-01-15 21:56:21,537 - INFO -   Train - Loss: 0.3092, Dice: 0.7226
2026-01-15 21:56:21,537 - INFO -   Val   - Loss: 0.8581, Dice: 0.7056
2026-01-15 21:56:21,537 - INFO -   Per-class Dice:
2026-01-15 21:56:21,537 - INFO -     Class 0: 0.9942
2026-01-15 21:56:21,537 - INFO -     Class 1: 0.4132
2026-01-15 21:56:21,537 - INFO -     Class 2: 0.7093
2026-01-15 21:56:23,588 - INFO -   Batch 1/2: Loss=0.3109, Dice=0.7406
2026-01-15 21:56:24,750 - INFO -   Batch 2/2: Loss=0.3270, Dice=0.7191
2026-01-15 21:56:25,700 - INFO - 
Epoch 50/100 (4.2s):
2026-01-15 21:56:25,700 - INFO -   Train - Loss: 0.3189, Dice: 0.7299
2026-01-15 21:56:25,700 - INFO -   Val   - Loss: 0.8534, Dice: 0.6858
2026-01-15 21:56:25,700 - INFO -   Per-class Dice:
2026-01-15 21:56:25,700 - INFO -     Class 0: 0.9921
2026-01-15 21:56:25,700 - INFO -     Class 1: 0.3877
2026-01-15 21:56:25,700 - INFO -     Class 2: 0.6776
2026-01-15 21:56:27,761 - INFO -   Batch 1/2: Loss=0.3043, Dice=0.7409
2026-01-15 21:56:28,972 - INFO -   Batch 2/2: Loss=0.3118, Dice=0.7293
2026-01-15 21:56:29,894 - INFO - 
Epoch 51/100 (4.2s):
2026-01-15 21:56:29,894 - INFO -   Train - Loss: 0.3080, Dice: 0.7351
2026-01-15 21:56:29,894 - INFO -   Val   - Loss: 0.8539, Dice: 0.6881
2026-01-15 21:56:29,894 - INFO -   Per-class Dice:
2026-01-15 21:56:29,894 - INFO -     Class 0: 0.9922
2026-01-15 21:56:29,894 - INFO -     Class 1: 0.4070
2026-01-15 21:56:29,894 - INFO -     Class 2: 0.6653
2026-01-15 21:56:33,520 - INFO -   Batch 1/2: Loss=0.3293, Dice=0.6965
2026-01-15 21:56:34,677 - INFO -   Batch 2/2: Loss=0.2794, Dice=0.8220
2026-01-15 21:56:35,591 - INFO - 
Epoch 52/100 (5.7s):
2026-01-15 21:56:35,591 - INFO -   Train - Loss: 0.3044, Dice: 0.7593
2026-01-15 21:56:35,591 - INFO -   Val   - Loss: 0.8514, Dice: 0.6915
2026-01-15 21:56:35,591 - INFO -   Per-class Dice:
2026-01-15 21:56:35,591 - INFO -     Class 0: 0.9918
2026-01-15 21:56:35,591 - INFO -     Class 1: 0.4144
2026-01-15 21:56:35,591 - INFO -     Class 2: 0.6683
2026-01-15 21:56:37,570 - INFO -   Batch 1/2: Loss=0.3148, Dice=0.7231
2026-01-15 21:56:38,832 - INFO -   Batch 2/2: Loss=0.3082, Dice=0.7218
2026-01-15 21:56:39,724 - INFO - 
Epoch 53/100 (4.1s):
2026-01-15 21:56:39,724 - INFO -   Train - Loss: 0.3115, Dice: 0.7225
2026-01-15 21:56:39,724 - INFO -   Val   - Loss: 0.8509, Dice: 0.6697
2026-01-15 21:56:39,724 - INFO -   Per-class Dice:
2026-01-15 21:56:39,724 - INFO -     Class 0: 0.9902
2026-01-15 21:56:39,724 - INFO -     Class 1: 0.3810
2026-01-15 21:56:39,724 - INFO -     Class 2: 0.6379
2026-01-15 21:56:41,746 - INFO -   Batch 1/2: Loss=0.2922, Dice=0.7545
2026-01-15 21:56:42,950 - INFO -   Batch 2/2: Loss=0.3331, Dice=0.6790
2026-01-15 21:56:43,871 - INFO - 
Epoch 54/100 (4.1s):
2026-01-15 21:56:43,871 - INFO -   Train - Loss: 0.3126, Dice: 0.7168
2026-01-15 21:56:43,871 - INFO -   Val   - Loss: 0.8527, Dice: 0.6839
2026-01-15 21:56:43,871 - INFO -   Per-class Dice:
2026-01-15 21:56:43,871 - INFO -     Class 0: 0.9917
2026-01-15 21:56:43,871 - INFO -     Class 1: 0.3965
2026-01-15 21:56:43,871 - INFO -     Class 2: 0.6636
2026-01-15 21:56:45,846 - INFO -   Batch 1/2: Loss=0.3157, Dice=0.7098
2026-01-15 21:56:47,046 - INFO -   Batch 2/2: Loss=0.2953, Dice=0.7875
2026-01-15 21:56:47,961 - INFO - 
Epoch 55/100 (4.1s):
2026-01-15 21:56:47,961 - INFO -   Train - Loss: 0.3055, Dice: 0.7487
2026-01-15 21:56:47,961 - INFO -   Val   - Loss: 0.8523, Dice: 0.6984
2026-01-15 21:56:47,961 - INFO -   Per-class Dice:
2026-01-15 21:56:47,961 - INFO -     Class 0: 0.9927
2026-01-15 21:56:47,961 - INFO -     Class 1: 0.3850
2026-01-15 21:56:47,961 - INFO -     Class 2: 0.7175
2026-01-15 21:56:49,944 - INFO -   Batch 1/2: Loss=0.2961, Dice=0.7515
2026-01-15 21:56:51,147 - INFO -   Batch 2/2: Loss=0.3285, Dice=0.6781
2026-01-15 21:56:52,240 - INFO -   Saved best model with Dice: 0.7250
2026-01-15 21:56:52,240 - INFO - 
Epoch 56/100 (4.3s):
2026-01-15 21:56:52,240 - INFO -   Train - Loss: 0.3123, Dice: 0.7148
2026-01-15 21:56:52,240 - INFO -   Val   - Loss: 0.8564, Dice: 0.7250
2026-01-15 21:56:52,240 - INFO -   Per-class Dice:
2026-01-15 21:56:52,240 - INFO -     Class 0: 0.9945
2026-01-15 21:56:52,240 - INFO -     Class 1: 0.4393
2026-01-15 21:56:52,240 - INFO -     Class 2: 0.7412
2026-01-15 21:56:54,253 - INFO -   Batch 1/2: Loss=0.3075, Dice=0.7034
2026-01-15 21:56:55,457 - INFO -   Batch 2/2: Loss=0.2861, Dice=0.7944
2026-01-15 21:56:56,384 - INFO - 
Epoch 57/100 (4.1s):
2026-01-15 21:56:56,384 - INFO -   Train - Loss: 0.2968, Dice: 0.7489
2026-01-15 21:56:56,384 - INFO -   Val   - Loss: 0.8578, Dice: 0.7133
2026-01-15 21:56:56,384 - INFO -   Per-class Dice:
2026-01-15 21:56:56,384 - INFO -     Class 0: 0.9940
2026-01-15 21:56:56,385 - INFO -     Class 1: 0.4359
2026-01-15 21:56:56,385 - INFO -     Class 2: 0.7100
2026-01-15 21:56:58,390 - INFO -   Batch 1/2: Loss=0.3001, Dice=0.7572
2026-01-15 21:56:59,621 - INFO -   Batch 2/2: Loss=0.3103, Dice=0.6871
2026-01-15 21:57:00,538 - INFO - 
Epoch 58/100 (4.2s):
2026-01-15 21:57:00,539 - INFO -   Train - Loss: 0.3052, Dice: 0.7221
2026-01-15 21:57:00,539 - INFO -   Val   - Loss: 0.8508, Dice: 0.6885
2026-01-15 21:57:00,539 - INFO -   Per-class Dice:
2026-01-15 21:57:00,539 - INFO -     Class 0: 0.9920
2026-01-15 21:57:00,539 - INFO -     Class 1: 0.3814
2026-01-15 21:57:00,539 - INFO -     Class 2: 0.6922
2026-01-15 21:57:02,587 - INFO -   Batch 1/2: Loss=0.2918, Dice=0.7186
2026-01-15 21:57:03,739 - INFO -   Batch 2/2: Loss=0.3143, Dice=0.7116
2026-01-15 21:57:04,686 - INFO -   Learning rate changed from 1.00e-04 to 5.00e-05
2026-01-15 21:57:04,861 - INFO -   Saved best model with Dice: 0.7318
2026-01-15 21:57:04,861 - INFO - 
Epoch 59/100 (4.3s):
2026-01-15 21:57:04,861 - INFO -   Train - Loss: 0.3031, Dice: 0.7151
2026-01-15 21:57:04,861 - INFO -   Val   - Loss: 0.8544, Dice: 0.7318
2026-01-15 21:57:04,861 - INFO -   Per-class Dice:
2026-01-15 21:57:04,862 - INFO -     Class 0: 0.9947
2026-01-15 21:57:04,862 - INFO -     Class 1: 0.4533
2026-01-15 21:57:04,862 - INFO -     Class 2: 0.7475
2026-01-15 21:57:06,914 - INFO -   Batch 1/2: Loss=0.2972, Dice=0.7347
2026-01-15 21:57:08,106 - INFO -   Batch 2/2: Loss=0.2975, Dice=0.7450
2026-01-15 21:57:09,207 - INFO -   Saved best model with Dice: 0.7342
2026-01-15 21:57:09,207 - INFO - 
Epoch 60/100 (4.3s):
2026-01-15 21:57:09,207 - INFO -   Train - Loss: 0.2974, Dice: 0.7399
2026-01-15 21:57:09,207 - INFO -   Val   - Loss: 0.8555, Dice: 0.7342
2026-01-15 21:57:09,207 - INFO -   Per-class Dice:
2026-01-15 21:57:09,207 - INFO -     Class 0: 0.9948
2026-01-15 21:57:09,207 - INFO -     Class 1: 0.4594
2026-01-15 21:57:09,207 - INFO -     Class 2: 0.7482
2026-01-15 21:57:11,180 - INFO -   Batch 1/2: Loss=0.2901, Dice=0.7432
2026-01-15 21:57:12,453 - INFO -   Batch 2/2: Loss=0.3013, Dice=0.7254
2026-01-15 21:57:13,374 - INFO - 
Epoch 61/100 (4.2s):
2026-01-15 21:57:13,374 - INFO -   Train - Loss: 0.2957, Dice: 0.7343
2026-01-15 21:57:13,374 - INFO -   Val   - Loss: 0.8535, Dice: 0.7178
2026-01-15 21:57:13,374 - INFO -   Per-class Dice:
2026-01-15 21:57:13,374 - INFO -     Class 0: 0.9936
2026-01-15 21:57:13,374 - INFO -     Class 1: 0.4280
2026-01-15 21:57:13,374 - INFO -     Class 2: 0.7317
2026-01-15 21:57:15,393 - INFO -   Batch 1/2: Loss=0.3028, Dice=0.6893
2026-01-15 21:57:16,564 - INFO -   Batch 2/2: Loss=0.2704, Dice=0.7822
2026-01-15 21:57:17,493 - INFO - 
Epoch 62/100 (4.1s):
2026-01-15 21:57:17,493 - INFO -   Train - Loss: 0.2866, Dice: 0.7358
2026-01-15 21:57:17,493 - INFO -   Val   - Loss: 0.8545, Dice: 0.7042
2026-01-15 21:57:17,493 - INFO -   Per-class Dice:
2026-01-15 21:57:17,493 - INFO -     Class 0: 0.9933
2026-01-15 21:57:17,493 - INFO -     Class 1: 0.4007
2026-01-15 21:57:17,493 - INFO -     Class 2: 0.7185
2026-01-15 21:57:19,515 - INFO -   Batch 1/2: Loss=0.3009, Dice=0.7224
2026-01-15 21:57:20,653 - INFO -   Batch 2/2: Loss=0.2752, Dice=0.7346
2026-01-15 21:57:21,572 - INFO - 
Epoch 63/100 (4.1s):
2026-01-15 21:57:21,572 - INFO -   Train - Loss: 0.2880, Dice: 0.7285
2026-01-15 21:57:21,572 - INFO -   Val   - Loss: 0.8560, Dice: 0.7155
2026-01-15 21:57:21,572 - INFO -   Per-class Dice:
2026-01-15 21:57:21,572 - INFO -     Class 0: 0.9942
2026-01-15 21:57:21,572 - INFO -     Class 1: 0.4225
2026-01-15 21:57:21,572 - INFO -     Class 2: 0.7299
2026-01-15 21:57:23,587 - INFO -   Batch 1/2: Loss=0.2899, Dice=0.7231
2026-01-15 21:57:24,806 - INFO -   Batch 2/2: Loss=0.2908, Dice=0.7651
2026-01-15 21:57:25,695 - INFO - 
Epoch 64/100 (4.1s):
2026-01-15 21:57:25,696 - INFO -   Train - Loss: 0.2904, Dice: 0.7441
2026-01-15 21:57:25,696 - INFO -   Val   - Loss: 0.8541, Dice: 0.7242
2026-01-15 21:57:25,696 - INFO -   Per-class Dice:
2026-01-15 21:57:25,696 - INFO -     Class 0: 0.9942
2026-01-15 21:57:25,696 - INFO -     Class 1: 0.4411
2026-01-15 21:57:25,696 - INFO -     Class 2: 0.7371
2026-01-15 21:57:27,647 - INFO -   Batch 1/2: Loss=0.2850, Dice=0.7241
2026-01-15 21:57:28,913 - INFO -   Batch 2/2: Loss=0.2974, Dice=0.7537
2026-01-15 21:57:29,822 - INFO - 
Epoch 65/100 (4.1s):
2026-01-15 21:57:29,822 - INFO -   Train - Loss: 0.2912, Dice: 0.7389
2026-01-15 21:57:29,822 - INFO -   Val   - Loss: 0.8506, Dice: 0.7139
2026-01-15 21:57:29,822 - INFO -   Per-class Dice:
2026-01-15 21:57:29,822 - INFO -     Class 0: 0.9929
2026-01-15 21:57:29,822 - INFO -     Class 1: 0.4283
2026-01-15 21:57:29,822 - INFO -     Class 2: 0.7206
2026-01-15 21:57:31,865 - INFO -   Batch 1/2: Loss=0.2797, Dice=0.7223
2026-01-15 21:57:33,036 - INFO -   Batch 2/2: Loss=0.3006, Dice=0.7404
2026-01-15 21:57:33,973 - INFO - 
Epoch 66/100 (4.2s):
2026-01-15 21:57:33,973 - INFO -   Train - Loss: 0.2901, Dice: 0.7314
2026-01-15 21:57:33,973 - INFO -   Val   - Loss: 0.8501, Dice: 0.7076
2026-01-15 21:57:33,973 - INFO -   Per-class Dice:
2026-01-15 21:57:33,973 - INFO -     Class 0: 0.9923
2026-01-15 21:57:33,973 - INFO -     Class 1: 0.4258
2026-01-15 21:57:33,973 - INFO -     Class 2: 0.7047
2026-01-15 21:57:36,018 - INFO -   Batch 1/2: Loss=0.2778, Dice=0.7455
2026-01-15 21:57:37,198 - INFO -   Batch 2/2: Loss=0.3031, Dice=0.7063
2026-01-15 21:57:38,186 - INFO - 
Epoch 67/100 (4.2s):
2026-01-15 21:57:38,186 - INFO -   Train - Loss: 0.2904, Dice: 0.7259
2026-01-15 21:57:38,186 - INFO -   Val   - Loss: 0.8513, Dice: 0.7146
2026-01-15 21:57:38,186 - INFO -   Per-class Dice:
2026-01-15 21:57:38,187 - INFO -     Class 0: 0.9930
2026-01-15 21:57:38,187 - INFO -     Class 1: 0.4431
2026-01-15 21:57:38,187 - INFO -     Class 2: 0.7077
2026-01-15 21:57:40,253 - INFO -   Batch 1/2: Loss=0.2823, Dice=0.7403
2026-01-15 21:57:41,411 - INFO -   Batch 2/2: Loss=0.2952, Dice=0.7152
2026-01-15 21:57:42,337 - INFO - 
Epoch 68/100 (4.2s):
2026-01-15 21:57:42,337 - INFO -   Train - Loss: 0.2887, Dice: 0.7278
2026-01-15 21:57:42,338 - INFO -   Val   - Loss: 0.8533, Dice: 0.7158
2026-01-15 21:57:42,338 - INFO -   Per-class Dice:
2026-01-15 21:57:42,338 - INFO -     Class 0: 0.9938
2026-01-15 21:57:42,338 - INFO -     Class 1: 0.4295
2026-01-15 21:57:42,338 - INFO -     Class 2: 0.7241
2026-01-15 21:57:44,416 - INFO -   Batch 1/2: Loss=0.2831, Dice=0.7468
2026-01-15 21:57:45,592 - INFO -   Batch 2/2: Loss=0.2881, Dice=0.7003
2026-01-15 21:57:46,526 - INFO - 
Epoch 69/100 (4.2s):
2026-01-15 21:57:46,526 - INFO -   Train - Loss: 0.2856, Dice: 0.7236
2026-01-15 21:57:46,526 - INFO -   Val   - Loss: 0.8540, Dice: 0.7204
2026-01-15 21:57:46,526 - INFO -   Per-class Dice:
2026-01-15 21:57:46,526 - INFO -     Class 0: 0.9942
2026-01-15 21:57:46,526 - INFO -     Class 1: 0.4300
2026-01-15 21:57:46,526 - INFO -     Class 2: 0.7369
2026-01-15 21:57:48,503 - INFO -   Batch 1/2: Loss=0.2965, Dice=0.7107
2026-01-15 21:57:49,741 - INFO -   Batch 2/2: Loss=0.2596, Dice=0.7525
2026-01-15 21:57:50,666 - INFO - 
Epoch 70/100 (4.1s):
2026-01-15 21:57:50,666 - INFO -   Train - Loss: 0.2781, Dice: 0.7316
2026-01-15 21:57:50,666 - INFO -   Val   - Loss: 0.8543, Dice: 0.7329
2026-01-15 21:57:50,666 - INFO -   Per-class Dice:
2026-01-15 21:57:50,666 - INFO -     Class 0: 0.9947
2026-01-15 21:57:50,666 - INFO -     Class 1: 0.4528
2026-01-15 21:57:50,666 - INFO -     Class 2: 0.7512
2026-01-15 21:57:50,666 - INFO - 
Early stopping triggered after 70 epochs
2026-01-15 21:57:50,668 - INFO - 
Training completed. Best validation Dice: 0.7342
2026-01-15 21:57:51,326 - INFO - 
============================================================
2026-01-15 21:57:51,326 - INFO - EVALUATION ON TEST SET
2026-01-15 21:57:51,326 - INFO - ============================================================
2026-01-15 21:57:52,488 - INFO - 
Overall Dice Score: 0.6668 ± 0.0000
2026-01-15 21:57:52,488 - INFO - 
Per-class Dice Scores:
2026-01-15 21:57:52,488 - INFO -   NO-PG : 0.9944 ± 0.0000
2026-01-15 21:57:52,488 - INFO -   PZ    : 0.3046 ± 0.0000
2026-01-15 21:57:52,488 - INFO -   TZ    : 0.7015 ± 0.0000
2026-01-15 21:57:52,488 - INFO - 
Generating prediction visualizations...
2026-01-15 21:57:53,566 - INFO - 
Training completed successfully!
2026-01-15 21:57:53,566 - INFO - Best validation Dice: 0.7342
2026-01-15 21:57:53,566 - INFO - Test Dice: 0.6668
2026-01-15 22:38:43,576 - INFO - Results will be saved to: exp/FUSION_batch32_epochs100
2026-01-15 22:38:43,576 - INFO - Alive
2026-01-15 22:38:43,576 - INFO - Found 80 patients
2026-01-15 22:38:43,577 - INFO - Train: 51 patients
2026-01-15 22:38:43,577 - INFO - Val: 13 patients
2026-01-15 22:38:43,577 - INFO - Test: 16 patients
2026-01-15 22:38:43,581 - INFO - 
Testing data loading...
2026-01-15 22:38:45,863 - INFO - Batch image shape: torch.Size([32, 1, 256, 256])
2026-01-15 22:38:45,863 - INFO - Batch labels shape: torch.Size([32, 3, 256, 256])
2026-01-15 22:38:46,620 - INFO - Initialized trainer on device: cuda
2026-01-15 22:38:46,620 - INFO - Model parameters: 17,261,955
2026-01-15 22:38:46,620 - INFO - Starting training for 100 epochs
2026-01-15 22:38:49,732 - INFO -   Batch 1/2: Loss=1.7144, Dice=0.1899
2026-01-15 22:38:51,376 - INFO -   Batch 2/2: Loss=1.4998, Dice=0.2356
2026-01-15 22:38:52,466 - INFO -   Saved best model with Dice: 0.2160
2026-01-15 22:38:52,467 - INFO - 
Epoch 1/100 (5.8s):
2026-01-15 22:38:52,467 - INFO -   Train - Loss: 1.6071, Dice: 0.2127
2026-01-15 22:38:52,467 - INFO -   Val   - Loss: 0.9947, Dice: 0.2160
2026-01-15 22:38:52,467 - INFO -   Per-class Dice:
2026-01-15 22:38:52,467 - INFO -     Class 0: 0.6293
2026-01-15 22:38:52,467 - INFO -     Class 1: 0.0186
2026-01-15 22:38:52,467 - INFO -     Class 2: 0.0000
2026-01-15 22:38:54,483 - INFO -   Batch 1/2: Loss=1.3374, Dice=0.2618
2026-01-15 22:38:55,644 - INFO -   Batch 2/2: Loss=1.2344, Dice=0.2857
2026-01-15 22:38:56,569 - INFO - 
Epoch 2/100 (4.1s):
2026-01-15 22:38:56,569 - INFO -   Train - Loss: 1.2859, Dice: 0.2737
2026-01-15 22:38:56,569 - INFO -   Val   - Loss: 1.0224, Dice: 0.1223
2026-01-15 22:38:56,569 - INFO -   Per-class Dice:
2026-01-15 22:38:56,569 - INFO -     Class 0: 0.3545
2026-01-15 22:38:56,569 - INFO -     Class 1: 0.0123
2026-01-15 22:38:56,569 - INFO -     Class 2: 0.0000
2026-01-15 22:38:58,587 - INFO -   Batch 1/2: Loss=1.1593, Dice=0.2968
2026-01-15 22:38:59,776 - INFO -   Batch 2/2: Loss=1.0612, Dice=0.3237
2026-01-15 22:39:00,860 - INFO -   Saved best model with Dice: 0.2330
2026-01-15 22:39:00,860 - INFO - 
Epoch 3/100 (4.3s):
2026-01-15 22:39:00,860 - INFO -   Train - Loss: 1.1102, Dice: 0.3103
2026-01-15 22:39:00,860 - INFO -   Val   - Loss: 0.9962, Dice: 0.2330
2026-01-15 22:39:00,860 - INFO -   Per-class Dice:
2026-01-15 22:39:00,860 - INFO -     Class 0: 0.6940
2026-01-15 22:39:00,860 - INFO -     Class 1: 0.0051
2026-01-15 22:39:00,860 - INFO -     Class 2: 0.0000
2026-01-15 22:39:02,868 - INFO -   Batch 1/2: Loss=1.0126, Dice=0.3397
2026-01-15 22:39:04,051 - INFO -   Batch 2/2: Loss=0.9585, Dice=0.3514
2026-01-15 22:39:04,973 - INFO - 
Epoch 4/100 (4.1s):
2026-01-15 22:39:04,973 - INFO -   Train - Loss: 0.9856, Dice: 0.3455
2026-01-15 22:39:04,973 - INFO -   Val   - Loss: 1.0133, Dice: 0.1463
2026-01-15 22:39:04,973 - INFO -   Per-class Dice:
2026-01-15 22:39:04,973 - INFO -     Class 0: 0.4246
2026-01-15 22:39:04,973 - INFO -     Class 1: 0.0143
2026-01-15 22:39:04,973 - INFO -     Class 2: 0.0000
2026-01-15 22:39:06,930 - INFO -   Batch 1/2: Loss=0.9050, Dice=0.3707
2026-01-15 22:39:08,134 - INFO -   Batch 2/2: Loss=0.8546, Dice=0.4037
2026-01-15 22:39:09,030 - INFO - 
Epoch 5/100 (4.1s):
2026-01-15 22:39:09,030 - INFO -   Train - Loss: 0.8798, Dice: 0.3872
2026-01-15 22:39:09,030 - INFO -   Val   - Loss: 0.9941, Dice: 0.2001
2026-01-15 22:39:09,030 - INFO -   Per-class Dice:
2026-01-15 22:39:09,030 - INFO -     Class 0: 0.5867
2026-01-15 22:39:09,030 - INFO -     Class 1: 0.0136
2026-01-15 22:39:09,030 - INFO -     Class 2: 0.0000
2026-01-15 22:39:11,004 - INFO -   Batch 1/2: Loss=0.8195, Dice=0.4132
2026-01-15 22:39:12,202 - INFO -   Batch 2/2: Loss=0.7727, Dice=0.4323
2026-01-15 22:39:13,273 - INFO -   Saved best model with Dice: 0.3250
2026-01-15 22:39:13,274 - INFO - 
Epoch 6/100 (4.2s):
2026-01-15 22:39:13,274 - INFO -   Train - Loss: 0.7961, Dice: 0.4228
2026-01-15 22:39:13,274 - INFO -   Val   - Loss: 0.9453, Dice: 0.3250
2026-01-15 22:39:13,274 - INFO -   Per-class Dice:
2026-01-15 22:39:13,274 - INFO -     Class 0: 0.9745
2026-01-15 22:39:13,274 - INFO -     Class 1: 0.0004
2026-01-15 22:39:13,274 - INFO -     Class 2: 0.0000
2026-01-15 22:39:15,321 - INFO -   Batch 1/2: Loss=0.7532, Dice=0.4253
2026-01-15 22:39:16,501 - INFO -   Batch 2/2: Loss=0.7129, Dice=0.4898
2026-01-15 22:39:17,574 - INFO -   Saved best model with Dice: 0.3292
2026-01-15 22:39:17,575 - INFO - 
Epoch 7/100 (4.3s):
2026-01-15 22:39:17,575 - INFO -   Train - Loss: 0.7330, Dice: 0.4576
2026-01-15 22:39:17,575 - INFO -   Val   - Loss: 0.9365, Dice: 0.3292
2026-01-15 22:39:17,575 - INFO -   Per-class Dice:
2026-01-15 22:39:17,575 - INFO -     Class 0: 0.9837
2026-01-15 22:39:17,575 - INFO -     Class 1: 0.0040
2026-01-15 22:39:17,575 - INFO -     Class 2: 0.0000
2026-01-15 22:39:19,572 - INFO -   Batch 1/2: Loss=0.6737, Dice=0.4976
2026-01-15 22:39:20,847 - INFO -   Batch 2/2: Loss=0.6803, Dice=0.4699
2026-01-15 22:39:21,923 - INFO -   Saved best model with Dice: 0.3337
2026-01-15 22:39:21,923 - INFO - 
Epoch 8/100 (4.3s):
2026-01-15 22:39:21,923 - INFO -   Train - Loss: 0.6770, Dice: 0.4838
2026-01-15 22:39:21,923 - INFO -   Val   - Loss: 0.9438, Dice: 0.3337
2026-01-15 22:39:21,923 - INFO -   Per-class Dice:
2026-01-15 22:39:21,923 - INFO -     Class 0: 0.9820
2026-01-15 22:39:21,923 - INFO -     Class 1: 0.0190
2026-01-15 22:39:21,923 - INFO -     Class 2: 0.0000
2026-01-15 22:39:23,951 - INFO -   Batch 1/2: Loss=0.6410, Dice=0.5187
2026-01-15 22:39:25,142 - INFO -   Batch 2/2: Loss=0.6101, Dice=0.5314
2026-01-15 22:39:26,055 - INFO - 
Epoch 9/100 (4.1s):
2026-01-15 22:39:26,055 - INFO -   Train - Loss: 0.6256, Dice: 0.5250
2026-01-15 22:39:26,055 - INFO -   Val   - Loss: 0.9516, Dice: 0.3271
2026-01-15 22:39:26,055 - INFO -   Per-class Dice:
2026-01-15 22:39:26,055 - INFO -     Class 0: 0.9728
2026-01-15 22:39:26,056 - INFO -     Class 1: 0.0086
2026-01-15 22:39:26,056 - INFO -     Class 2: 0.0000
2026-01-15 22:39:28,113 - INFO -   Batch 1/2: Loss=0.5954, Dice=0.5441
2026-01-15 22:39:29,259 - INFO -   Batch 2/2: Loss=0.5679, Dice=0.5768
2026-01-15 22:39:30,156 - INFO - 
Epoch 10/100 (4.1s):
2026-01-15 22:39:30,156 - INFO -   Train - Loss: 0.5816, Dice: 0.5605
2026-01-15 22:39:30,156 - INFO -   Val   - Loss: 0.9373, Dice: 0.3292
2026-01-15 22:39:30,156 - INFO -   Per-class Dice:
2026-01-15 22:39:30,156 - INFO -     Class 0: 0.9875
2026-01-15 22:39:30,156 - INFO -     Class 1: 0.0000
2026-01-15 22:39:30,156 - INFO -     Class 2: 0.0000
2026-01-15 22:39:32,185 - INFO -   Batch 1/2: Loss=0.5594, Dice=0.5843
2026-01-15 22:39:33,367 - INFO -   Batch 2/2: Loss=0.5366, Dice=0.5996
2026-01-15 22:39:34,298 - INFO - 
Epoch 11/100 (4.1s):
2026-01-15 22:39:34,298 - INFO -   Train - Loss: 0.5480, Dice: 0.5919
2026-01-15 22:39:34,298 - INFO -   Val   - Loss: 0.9275, Dice: 0.3300
2026-01-15 22:39:34,298 - INFO -   Per-class Dice:
2026-01-15 22:39:34,298 - INFO -     Class 0: 0.9882
2026-01-15 22:39:34,298 - INFO -     Class 1: 0.0000
2026-01-15 22:39:34,298 - INFO -     Class 2: 0.0016
2026-01-15 22:39:36,319 - INFO -   Batch 1/2: Loss=0.5218, Dice=0.6399
2026-01-15 22:39:37,487 - INFO -   Batch 2/2: Loss=0.5235, Dice=0.5812
2026-01-15 22:39:38,389 - INFO - 
Epoch 12/100 (4.1s):
2026-01-15 22:39:38,389 - INFO -   Train - Loss: 0.5227, Dice: 0.6106
2026-01-15 22:39:38,389 - INFO -   Val   - Loss: 0.9285, Dice: 0.3322
2026-01-15 22:39:38,389 - INFO -   Per-class Dice:
2026-01-15 22:39:38,389 - INFO -     Class 0: 0.9820
2026-01-15 22:39:38,389 - INFO -     Class 1: 0.0000
2026-01-15 22:39:38,389 - INFO -     Class 2: 0.0146
2026-01-15 22:39:40,431 - INFO -   Batch 1/2: Loss=0.4980, Dice=0.6229
2026-01-15 22:39:41,591 - INFO -   Batch 2/2: Loss=0.4901, Dice=0.6568
2026-01-15 22:39:42,514 - INFO - 
Epoch 13/100 (4.1s):
2026-01-15 22:39:42,514 - INFO -   Train - Loss: 0.4941, Dice: 0.6398
2026-01-15 22:39:42,514 - INFO -   Val   - Loss: 0.9521, Dice: 0.2973
2026-01-15 22:39:42,514 - INFO -   Per-class Dice:
2026-01-15 22:39:42,514 - INFO -     Class 0: 0.8566
2026-01-15 22:39:42,514 - INFO -     Class 1: 0.0000
2026-01-15 22:39:42,514 - INFO -     Class 2: 0.0352
2026-01-15 22:39:44,476 - INFO -   Batch 1/2: Loss=0.4789, Dice=0.6529
2026-01-15 22:39:45,692 - INFO -   Batch 2/2: Loss=0.4704, Dice=0.6966
2026-01-15 22:39:46,628 - INFO - 
Epoch 14/100 (4.1s):
2026-01-15 22:39:46,628 - INFO -   Train - Loss: 0.4746, Dice: 0.6747
2026-01-15 22:39:46,628 - INFO -   Val   - Loss: 0.9555, Dice: 0.2868
2026-01-15 22:39:46,628 - INFO -   Per-class Dice:
2026-01-15 22:39:46,628 - INFO -     Class 0: 0.8279
2026-01-15 22:39:46,628 - INFO -     Class 1: 0.0000
2026-01-15 22:39:46,628 - INFO -     Class 2: 0.0324
2026-01-15 22:39:48,630 - INFO -   Batch 1/2: Loss=0.4744, Dice=0.6727
2026-01-15 22:39:49,871 - INFO -   Batch 2/2: Loss=0.4400, Dice=0.6943
2026-01-15 22:39:50,787 - INFO - 
Epoch 15/100 (4.2s):
2026-01-15 22:39:50,788 - INFO -   Train - Loss: 0.4572, Dice: 0.6835
2026-01-15 22:39:50,788 - INFO -   Val   - Loss: 0.9484, Dice: 0.3031
2026-01-15 22:39:50,788 - INFO -   Per-class Dice:
2026-01-15 22:39:50,788 - INFO -     Class 0: 0.8883
2026-01-15 22:39:50,788 - INFO -     Class 1: 0.0035
2026-01-15 22:39:50,788 - INFO -     Class 2: 0.0174
2026-01-15 22:39:52,755 - INFO -   Batch 1/2: Loss=0.4291, Dice=0.7221
2026-01-15 22:39:54,026 - INFO -   Batch 2/2: Loss=0.4606, Dice=0.6973
2026-01-15 22:39:54,928 - INFO - 
Epoch 16/100 (4.1s):
2026-01-15 22:39:54,928 - INFO -   Train - Loss: 0.4448, Dice: 0.7097
2026-01-15 22:39:54,928 - INFO -   Val   - Loss: 0.9223, Dice: 0.3308
2026-01-15 22:39:54,928 - INFO -   Per-class Dice:
2026-01-15 22:39:54,928 - INFO -     Class 0: 0.9850
2026-01-15 22:39:54,928 - INFO -     Class 1: 0.0065
2026-01-15 22:39:54,928 - INFO -     Class 2: 0.0010
2026-01-15 22:39:56,972 - INFO -   Batch 1/2: Loss=0.4437, Dice=0.6710
2026-01-15 22:39:58,118 - INFO -   Batch 2/2: Loss=0.4006, Dice=0.7347
2026-01-15 22:39:59,021 - INFO - 
Epoch 17/100 (4.1s):
2026-01-15 22:39:59,021 - INFO -   Train - Loss: 0.4221, Dice: 0.7029
2026-01-15 22:39:59,021 - INFO -   Val   - Loss: 0.9278, Dice: 0.3297
2026-01-15 22:39:59,021 - INFO -   Per-class Dice:
2026-01-15 22:39:59,021 - INFO -     Class 0: 0.9747
2026-01-15 22:39:59,021 - INFO -     Class 1: 0.0097
2026-01-15 22:39:59,021 - INFO -     Class 2: 0.0046
2026-01-15 22:40:01,027 - INFO -   Batch 1/2: Loss=0.4194, Dice=0.7079
2026-01-15 22:40:02,259 - INFO -   Batch 2/2: Loss=0.3830, Dice=0.7643
2026-01-15 22:40:03,188 - INFO - 
Epoch 18/100 (4.2s):
2026-01-15 22:40:03,188 - INFO -   Train - Loss: 0.4012, Dice: 0.7361
2026-01-15 22:40:03,188 - INFO -   Val   - Loss: 0.9492, Dice: 0.3035
2026-01-15 22:40:03,188 - INFO -   Per-class Dice:
2026-01-15 22:40:03,188 - INFO -     Class 0: 0.8647
2026-01-15 22:40:03,188 - INFO -     Class 1: 0.0115
2026-01-15 22:40:03,188 - INFO -     Class 2: 0.0343
2026-01-15 22:40:05,210 - INFO -   Batch 1/2: Loss=0.3700, Dice=0.7728
2026-01-15 22:40:06,431 - INFO -   Batch 2/2: Loss=0.4339, Dice=0.6849
2026-01-15 22:40:07,370 - INFO - 
Epoch 19/100 (4.2s):
2026-01-15 22:40:07,370 - INFO -   Train - Loss: 0.4020, Dice: 0.7288
2026-01-15 22:40:07,371 - INFO -   Val   - Loss: 0.9469, Dice: 0.3072
2026-01-15 22:40:07,371 - INFO -   Per-class Dice:
2026-01-15 22:40:07,371 - INFO -     Class 0: 0.8712
2026-01-15 22:40:07,371 - INFO -     Class 1: 0.0099
2026-01-15 22:40:07,371 - INFO -     Class 2: 0.0404
2026-01-15 22:40:09,392 - INFO -   Batch 1/2: Loss=0.3835, Dice=0.7563
2026-01-15 22:40:10,576 - INFO -   Batch 2/2: Loss=0.3816, Dice=0.7043
2026-01-15 22:40:11,512 - INFO - 
Epoch 20/100 (4.1s):
2026-01-15 22:40:11,512 - INFO -   Train - Loss: 0.3826, Dice: 0.7303
2026-01-15 22:40:11,513 - INFO -   Val   - Loss: 0.9261, Dice: 0.3280
2026-01-15 22:40:11,513 - INFO -   Per-class Dice:
2026-01-15 22:40:11,513 - INFO -     Class 0: 0.9574
2026-01-15 22:40:11,513 - INFO -     Class 1: 0.0051
2026-01-15 22:40:11,513 - INFO -     Class 2: 0.0215
2026-01-15 22:40:13,600 - INFO -   Batch 1/2: Loss=0.3684, Dice=0.7574
2026-01-15 22:40:14,728 - INFO -   Batch 2/2: Loss=0.3722, Dice=0.7192
2026-01-15 22:40:15,667 - INFO - 
Epoch 21/100 (4.2s):
2026-01-15 22:40:15,668 - INFO -   Train - Loss: 0.3703, Dice: 0.7383
2026-01-15 22:40:15,668 - INFO -   Val   - Loss: 0.9214, Dice: 0.3283
2026-01-15 22:40:15,668 - INFO -   Per-class Dice:
2026-01-15 22:40:15,668 - INFO -     Class 0: 0.9630
2026-01-15 22:40:15,668 - INFO -     Class 1: 0.0025
2026-01-15 22:40:15,668 - INFO -     Class 2: 0.0195
2026-01-15 22:40:17,697 - INFO -   Batch 1/2: Loss=0.3699, Dice=0.7195
2026-01-15 22:40:18,909 - INFO -   Batch 2/2: Loss=0.3424, Dice=0.7880
2026-01-15 22:40:19,842 - INFO - 
Epoch 22/100 (4.2s):
2026-01-15 22:40:19,842 - INFO -   Train - Loss: 0.3562, Dice: 0.7538
2026-01-15 22:40:19,842 - INFO -   Val   - Loss: 0.9285, Dice: 0.3200
2026-01-15 22:40:19,842 - INFO -   Per-class Dice:
2026-01-15 22:40:19,842 - INFO -     Class 0: 0.9195
2026-01-15 22:40:19,842 - INFO -     Class 1: 0.0020
2026-01-15 22:40:19,842 - INFO -     Class 2: 0.0385
2026-01-15 22:40:21,868 - INFO -   Batch 1/2: Loss=0.3629, Dice=0.7312
2026-01-15 22:40:23,072 - INFO -   Batch 2/2: Loss=0.3441, Dice=0.7865
2026-01-15 22:40:24,007 - INFO - 
Epoch 23/100 (4.2s):
2026-01-15 22:40:24,007 - INFO -   Train - Loss: 0.3535, Dice: 0.7589
2026-01-15 22:40:24,008 - INFO -   Val   - Loss: 0.9094, Dice: 0.3319
2026-01-15 22:40:24,008 - INFO -   Per-class Dice:
2026-01-15 22:40:24,008 - INFO -     Class 0: 0.9866
2026-01-15 22:40:24,008 - INFO -     Class 1: 0.0004
2026-01-15 22:40:24,008 - INFO -     Class 2: 0.0086
2026-01-15 22:40:26,136 - INFO -   Batch 1/2: Loss=0.3331, Dice=0.7439
2026-01-15 22:40:27,266 - INFO -   Batch 2/2: Loss=0.3852, Dice=0.6718
2026-01-15 22:40:28,185 - INFO - 
Epoch 24/100 (4.2s):
2026-01-15 22:40:28,185 - INFO -   Train - Loss: 0.3591, Dice: 0.7079
2026-01-15 22:40:28,185 - INFO -   Val   - Loss: 0.9069, Dice: 0.3305
2026-01-15 22:40:28,185 - INFO -   Per-class Dice:
2026-01-15 22:40:28,185 - INFO -     Class 0: 0.9892
2026-01-15 22:40:28,185 - INFO -     Class 1: 0.0000
2026-01-15 22:40:28,185 - INFO -     Class 2: 0.0022
2026-01-15 22:40:30,226 - INFO -   Batch 1/2: Loss=0.3337, Dice=0.7550
2026-01-15 22:40:31,425 - INFO -   Batch 2/2: Loss=0.3577, Dice=0.7201
2026-01-15 22:40:32,508 - INFO -   Saved best model with Dice: 0.3376
2026-01-15 22:40:32,508 - INFO - 
Epoch 25/100 (4.3s):
2026-01-15 22:40:32,508 - INFO -   Train - Loss: 0.3457, Dice: 0.7375
2026-01-15 22:40:32,508 - INFO -   Val   - Loss: 0.9086, Dice: 0.3376
2026-01-15 22:40:32,508 - INFO -   Per-class Dice:
2026-01-15 22:40:32,508 - INFO -     Class 0: 0.9840
2026-01-15 22:40:32,508 - INFO -     Class 1: 0.0000
2026-01-15 22:40:32,508 - INFO -     Class 2: 0.0287
2026-01-15 22:40:34,442 - INFO -   Batch 1/2: Loss=0.3416, Dice=0.7501
2026-01-15 22:40:35,743 - INFO -   Batch 2/2: Loss=0.3356, Dice=0.7453
2026-01-15 22:40:36,670 - INFO - 
Epoch 26/100 (4.2s):
2026-01-15 22:40:36,670 - INFO -   Train - Loss: 0.3386, Dice: 0.7477
2026-01-15 22:40:36,670 - INFO -   Val   - Loss: 0.9079, Dice: 0.3338
2026-01-15 22:40:36,670 - INFO -   Per-class Dice:
2026-01-15 22:40:36,670 - INFO -     Class 0: 0.9860
2026-01-15 22:40:36,670 - INFO -     Class 1: 0.0000
2026-01-15 22:40:36,671 - INFO -     Class 2: 0.0154
2026-01-15 22:40:38,679 - INFO -   Batch 1/2: Loss=0.3225, Dice=0.7505
2026-01-15 22:40:39,898 - INFO -   Batch 2/2: Loss=0.3580, Dice=0.7381
2026-01-15 22:40:40,819 - INFO - 
Epoch 27/100 (4.1s):
2026-01-15 22:40:40,819 - INFO -   Train - Loss: 0.3402, Dice: 0.7443
2026-01-15 22:40:40,819 - INFO -   Val   - Loss: 0.9061, Dice: 0.3331
2026-01-15 22:40:40,819 - INFO -   Per-class Dice:
2026-01-15 22:40:40,819 - INFO -     Class 0: 0.9882
2026-01-15 22:40:40,819 - INFO -     Class 1: 0.0000
2026-01-15 22:40:40,819 - INFO -     Class 2: 0.0112
2026-01-15 22:40:42,815 - INFO -   Batch 1/2: Loss=0.3330, Dice=0.7326
2026-01-15 22:40:44,018 - INFO -   Batch 2/2: Loss=0.3184, Dice=0.7296
2026-01-15 22:40:44,926 - INFO - 
Epoch 28/100 (4.1s):
2026-01-15 22:40:44,926 - INFO -   Train - Loss: 0.3257, Dice: 0.7311
2026-01-15 22:40:44,926 - INFO -   Val   - Loss: 0.9049, Dice: 0.3365
2026-01-15 22:40:44,926 - INFO -   Per-class Dice:
2026-01-15 22:40:44,926 - INFO -     Class 0: 0.9886
2026-01-15 22:40:44,926 - INFO -     Class 1: 0.0000
2026-01-15 22:40:44,926 - INFO -     Class 2: 0.0209
2026-01-15 22:40:46,916 - INFO -   Batch 1/2: Loss=0.3291, Dice=0.7036
2026-01-15 22:40:48,136 - INFO -   Batch 2/2: Loss=0.3356, Dice=0.7511
2026-01-15 22:40:49,243 - INFO -   Saved best model with Dice: 0.3382
2026-01-15 22:40:49,243 - INFO - 
Epoch 29/100 (4.3s):
2026-01-15 22:40:49,243 - INFO -   Train - Loss: 0.3324, Dice: 0.7273
2026-01-15 22:40:49,243 - INFO -   Val   - Loss: 0.9048, Dice: 0.3382
2026-01-15 22:40:49,243 - INFO -   Per-class Dice:
2026-01-15 22:40:49,243 - INFO -     Class 0: 0.9880
2026-01-15 22:40:49,243 - INFO -     Class 1: 0.0004
2026-01-15 22:40:49,243 - INFO -     Class 2: 0.0261
2026-01-15 22:40:51,301 - INFO -   Batch 1/2: Loss=0.3379, Dice=0.7462
2026-01-15 22:40:52,500 - INFO -   Batch 2/2: Loss=0.2937, Dice=0.7745
2026-01-15 22:40:53,431 - INFO - 
Epoch 30/100 (4.2s):
2026-01-15 22:40:53,432 - INFO -   Train - Loss: 0.3158, Dice: 0.7604
2026-01-15 22:40:53,432 - INFO -   Val   - Loss: 0.9044, Dice: 0.3356
2026-01-15 22:40:53,432 - INFO -   Per-class Dice:
2026-01-15 22:40:53,432 - INFO -     Class 0: 0.9889
2026-01-15 22:40:53,432 - INFO -     Class 1: 0.0000
2026-01-15 22:40:53,432 - INFO -     Class 2: 0.0179
2026-01-15 22:40:55,450 - INFO -   Batch 1/2: Loss=0.3106, Dice=0.7561
2026-01-15 22:40:56,674 - INFO -   Batch 2/2: Loss=0.3215, Dice=0.7876
2026-01-15 22:40:57,622 - INFO - 
Epoch 31/100 (4.2s):
2026-01-15 22:40:57,622 - INFO -   Train - Loss: 0.3161, Dice: 0.7719
2026-01-15 22:40:57,622 - INFO -   Val   - Loss: 0.9035, Dice: 0.3364
2026-01-15 22:40:57,622 - INFO -   Per-class Dice:
2026-01-15 22:40:57,622 - INFO -     Class 0: 0.9895
2026-01-15 22:40:57,622 - INFO -     Class 1: 0.0000
2026-01-15 22:40:57,622 - INFO -     Class 2: 0.0195
2026-01-15 22:40:59,745 - INFO -   Batch 1/2: Loss=0.3020, Dice=0.7671
2026-01-15 22:41:00,900 - INFO -   Batch 2/2: Loss=0.3249, Dice=0.7327
2026-01-15 22:41:01,981 - INFO -   Saved best model with Dice: 0.3424
2026-01-15 22:41:01,981 - INFO - 
Epoch 32/100 (4.4s):
2026-01-15 22:41:01,981 - INFO -   Train - Loss: 0.3134, Dice: 0.7499
2026-01-15 22:41:01,981 - INFO -   Val   - Loss: 0.9024, Dice: 0.3424
2026-01-15 22:41:01,981 - INFO -   Per-class Dice:
2026-01-15 22:41:01,981 - INFO -     Class 0: 0.9897
2026-01-15 22:41:01,982 - INFO -     Class 1: 0.0000
2026-01-15 22:41:01,982 - INFO -     Class 2: 0.0376
2026-01-15 22:41:03,987 - INFO -   Batch 1/2: Loss=0.3067, Dice=0.7706
2026-01-15 22:41:05,203 - INFO -   Batch 2/2: Loss=0.3063, Dice=0.7180
2026-01-15 22:41:06,273 - INFO -   Saved best model with Dice: 0.3527
2026-01-15 22:41:06,273 - INFO - 
Epoch 33/100 (4.3s):
2026-01-15 22:41:06,273 - INFO -   Train - Loss: 0.3065, Dice: 0.7443
2026-01-15 22:41:06,273 - INFO -   Val   - Loss: 0.9013, Dice: 0.3527
2026-01-15 22:41:06,273 - INFO -   Per-class Dice:
2026-01-15 22:41:06,273 - INFO -     Class 0: 0.9898
2026-01-15 22:41:06,273 - INFO -     Class 1: 0.0004
2026-01-15 22:41:06,273 - INFO -     Class 2: 0.0679
2026-01-15 22:41:08,325 - INFO -   Batch 1/2: Loss=0.2908, Dice=0.7586
2026-01-15 22:41:09,493 - INFO -   Batch 2/2: Loss=0.3265, Dice=0.7261
2026-01-15 22:41:10,572 - INFO -   Saved best model with Dice: 0.3658
2026-01-15 22:41:10,572 - INFO - 
Epoch 34/100 (4.3s):
2026-01-15 22:41:10,572 - INFO -   Train - Loss: 0.3086, Dice: 0.7423
2026-01-15 22:41:10,572 - INFO -   Val   - Loss: 0.9001, Dice: 0.3658
2026-01-15 22:41:10,572 - INFO -   Per-class Dice:
2026-01-15 22:41:10,572 - INFO -     Class 0: 0.9900
2026-01-15 22:41:10,572 - INFO -     Class 1: 0.0004
2026-01-15 22:41:10,572 - INFO -     Class 2: 0.1070
2026-01-15 22:41:12,549 - INFO -   Batch 1/2: Loss=0.3114, Dice=0.7376
2026-01-15 22:41:13,794 - INFO -   Batch 2/2: Loss=0.2826, Dice=0.7817
2026-01-15 22:41:14,870 - INFO -   Saved best model with Dice: 0.3848
2026-01-15 22:41:14,870 - INFO - 
Epoch 35/100 (4.3s):
2026-01-15 22:41:14,870 - INFO -   Train - Loss: 0.2970, Dice: 0.7596
2026-01-15 22:41:14,870 - INFO -   Val   - Loss: 0.8980, Dice: 0.3848
2026-01-15 22:41:14,870 - INFO -   Per-class Dice:
2026-01-15 22:41:14,870 - INFO -     Class 0: 0.9903
2026-01-15 22:41:14,870 - INFO -     Class 1: 0.0016
2026-01-15 22:41:14,870 - INFO -     Class 2: 0.1624
2026-01-15 22:41:16,905 - INFO -   Batch 1/2: Loss=0.3061, Dice=0.7291
2026-01-15 22:41:18,053 - INFO -   Batch 2/2: Loss=0.2873, Dice=0.8197
2026-01-15 22:41:19,113 - INFO -   Saved best model with Dice: 0.4142
2026-01-15 22:41:19,113 - INFO - 
Epoch 36/100 (4.2s):
2026-01-15 22:41:19,113 - INFO -   Train - Loss: 0.2967, Dice: 0.7744
2026-01-15 22:41:19,113 - INFO -   Val   - Loss: 0.8947, Dice: 0.4142
2026-01-15 22:41:19,113 - INFO -   Per-class Dice:
2026-01-15 22:41:19,113 - INFO -     Class 0: 0.9906
2026-01-15 22:41:19,113 - INFO -     Class 1: 0.0036
2026-01-15 22:41:19,114 - INFO -     Class 2: 0.2483
2026-01-15 22:41:21,158 - INFO -   Batch 1/2: Loss=0.2922, Dice=0.7866
2026-01-15 22:41:22,332 - INFO -   Batch 2/2: Loss=0.2985, Dice=0.6865
2026-01-15 22:41:23,422 - INFO -   Saved best model with Dice: 0.4427
2026-01-15 22:41:23,422 - INFO - 
Epoch 37/100 (4.3s):
2026-01-15 22:41:23,422 - INFO -   Train - Loss: 0.2953, Dice: 0.7366
2026-01-15 22:41:23,422 - INFO -   Val   - Loss: 0.8919, Dice: 0.4427
2026-01-15 22:41:23,422 - INFO -   Per-class Dice:
2026-01-15 22:41:23,422 - INFO -     Class 0: 0.9911
2026-01-15 22:41:23,422 - INFO -     Class 1: 0.0211
2026-01-15 22:41:23,422 - INFO -     Class 2: 0.3159
2026-01-15 22:41:25,529 - INFO -   Batch 1/2: Loss=0.2897, Dice=0.7562
2026-01-15 22:41:26,616 - INFO -   Batch 2/2: Loss=0.2967, Dice=0.7413
2026-01-15 22:41:27,630 - INFO -   Saved best model with Dice: 0.4652
2026-01-15 22:41:27,630 - INFO - 
Epoch 38/100 (4.2s):
2026-01-15 22:41:27,630 - INFO -   Train - Loss: 0.2932, Dice: 0.7488
2026-01-15 22:41:27,631 - INFO -   Val   - Loss: 0.8894, Dice: 0.4652
2026-01-15 22:41:27,631 - INFO -   Per-class Dice:
2026-01-15 22:41:27,631 - INFO -     Class 0: 0.9915
2026-01-15 22:41:27,631 - INFO -     Class 1: 0.0344
2026-01-15 22:41:27,631 - INFO -     Class 2: 0.3698
2026-01-15 22:41:29,620 - INFO -   Batch 1/2: Loss=0.2767, Dice=0.7585
2026-01-15 22:41:30,787 - INFO -   Batch 2/2: Loss=0.3138, Dice=0.7179
2026-01-15 22:41:31,937 - INFO -   Saved best model with Dice: 0.5115
2026-01-15 22:41:31,937 - INFO - 
Epoch 39/100 (4.3s):
2026-01-15 22:41:31,937 - INFO -   Train - Loss: 0.2953, Dice: 0.7382
2026-01-15 22:41:31,937 - INFO -   Val   - Loss: 0.8838, Dice: 0.5115
2026-01-15 22:41:31,937 - INFO -   Per-class Dice:
2026-01-15 22:41:31,937 - INFO -     Class 0: 0.9921
2026-01-15 22:41:31,937 - INFO -     Class 1: 0.0662
2026-01-15 22:41:31,937 - INFO -     Class 2: 0.4763
2026-01-15 22:41:34,026 - INFO -   Batch 1/2: Loss=0.2650, Dice=0.7687
2026-01-15 22:41:35,170 - INFO -   Batch 2/2: Loss=0.3173, Dice=0.6872
2026-01-15 22:41:36,252 - INFO -   Saved best model with Dice: 0.5634
2026-01-15 22:41:36,252 - INFO - 
Epoch 40/100 (4.3s):
2026-01-15 22:41:36,252 - INFO -   Train - Loss: 0.2912, Dice: 0.7279
2026-01-15 22:41:36,252 - INFO -   Val   - Loss: 0.8779, Dice: 0.5634
2026-01-15 22:41:36,252 - INFO -   Per-class Dice:
2026-01-15 22:41:36,252 - INFO -     Class 0: 0.9928
2026-01-15 22:41:36,252 - INFO -     Class 1: 0.1285
2026-01-15 22:41:36,252 - INFO -     Class 2: 0.5690
2026-01-15 22:41:38,285 - INFO -   Batch 1/2: Loss=0.2893, Dice=0.7382
2026-01-15 22:41:39,465 - INFO -   Batch 2/2: Loss=0.2727, Dice=0.7528
2026-01-15 22:41:40,543 - INFO -   Saved best model with Dice: 0.6335
2026-01-15 22:41:40,543 - INFO - 
Epoch 41/100 (4.3s):
2026-01-15 22:41:40,543 - INFO -   Train - Loss: 0.2810, Dice: 0.7455
2026-01-15 22:41:40,543 - INFO -   Val   - Loss: 0.8701, Dice: 0.6335
2026-01-15 22:41:40,543 - INFO -   Per-class Dice:
2026-01-15 22:41:40,543 - INFO -     Class 0: 0.9937
2026-01-15 22:41:40,543 - INFO -     Class 1: 0.2541
2026-01-15 22:41:40,543 - INFO -     Class 2: 0.6527
2026-01-15 22:41:42,561 - INFO -   Batch 1/2: Loss=0.2736, Dice=0.7657
2026-01-15 22:41:43,768 - INFO -   Batch 2/2: Loss=0.2972, Dice=0.7237
2026-01-15 22:41:44,847 - INFO -   Saved best model with Dice: 0.6738
2026-01-15 22:41:44,847 - INFO - 
Epoch 42/100 (4.3s):
2026-01-15 22:41:44,847 - INFO -   Train - Loss: 0.2854, Dice: 0.7447
2026-01-15 22:41:44,847 - INFO -   Val   - Loss: 0.8654, Dice: 0.6738
2026-01-15 22:41:44,847 - INFO -   Per-class Dice:
2026-01-15 22:41:44,847 - INFO -     Class 0: 0.9943
2026-01-15 22:41:44,847 - INFO -     Class 1: 0.3555
2026-01-15 22:41:44,847 - INFO -     Class 2: 0.6716
2026-01-15 22:41:46,836 - INFO -   Batch 1/2: Loss=0.2631, Dice=0.7619
2026-01-15 22:41:48,061 - INFO -   Batch 2/2: Loss=0.3086, Dice=0.7118
2026-01-15 22:41:49,143 - INFO -   Saved best model with Dice: 0.6954
2026-01-15 22:41:49,143 - INFO - 
Epoch 43/100 (4.3s):
2026-01-15 22:41:49,143 - INFO -   Train - Loss: 0.2858, Dice: 0.7368
2026-01-15 22:41:49,143 - INFO -   Val   - Loss: 0.8609, Dice: 0.6954
2026-01-15 22:41:49,143 - INFO -   Per-class Dice:
2026-01-15 22:41:49,143 - INFO -     Class 0: 0.9943
2026-01-15 22:41:49,143 - INFO -     Class 1: 0.3880
2026-01-15 22:41:49,143 - INFO -     Class 2: 0.7041
2026-01-15 22:41:51,156 - INFO -   Batch 1/2: Loss=0.2606, Dice=0.7787
2026-01-15 22:41:52,365 - INFO -   Batch 2/2: Loss=0.3100, Dice=0.6415
2026-01-15 22:41:53,432 - INFO -   Saved best model with Dice: 0.7009
2026-01-15 22:41:53,433 - INFO - 
Epoch 44/100 (4.3s):
2026-01-15 22:41:53,433 - INFO -   Train - Loss: 0.2853, Dice: 0.7101
2026-01-15 22:41:53,433 - INFO -   Val   - Loss: 0.8596, Dice: 0.7009
2026-01-15 22:41:53,433 - INFO -   Per-class Dice:
2026-01-15 22:41:53,433 - INFO -     Class 0: 0.9944
2026-01-15 22:41:53,433 - INFO -     Class 1: 0.3851
2026-01-15 22:41:53,433 - INFO -     Class 2: 0.7231
2026-01-15 22:41:55,486 - INFO -   Batch 1/2: Loss=0.2737, Dice=0.7514
2026-01-15 22:41:56,640 - INFO -   Batch 2/2: Loss=0.2841, Dice=0.7221
2026-01-15 22:41:57,718 - INFO -   Saved best model with Dice: 0.7093
2026-01-15 22:41:57,718 - INFO - 
Epoch 45/100 (4.3s):
2026-01-15 22:41:57,718 - INFO -   Train - Loss: 0.2789, Dice: 0.7368
2026-01-15 22:41:57,718 - INFO -   Val   - Loss: 0.8583, Dice: 0.7093
2026-01-15 22:41:57,718 - INFO -   Per-class Dice:
2026-01-15 22:41:57,718 - INFO -     Class 0: 0.9945
2026-01-15 22:41:57,718 - INFO -     Class 1: 0.4077
2026-01-15 22:41:57,718 - INFO -     Class 2: 0.7258
2026-01-15 22:41:59,699 - INFO -   Batch 1/2: Loss=0.2751, Dice=0.7677
2026-01-15 22:42:00,934 - INFO -   Batch 2/2: Loss=0.2801, Dice=0.7313
2026-01-15 22:42:02,025 - INFO -   Saved best model with Dice: 0.7109
2026-01-15 22:42:02,025 - INFO - 
Epoch 46/100 (4.3s):
2026-01-15 22:42:02,025 - INFO -   Train - Loss: 0.2776, Dice: 0.7495
2026-01-15 22:42:02,025 - INFO -   Val   - Loss: 0.8546, Dice: 0.7109
2026-01-15 22:42:02,025 - INFO -   Per-class Dice:
2026-01-15 22:42:02,025 - INFO -     Class 0: 0.9938
2026-01-15 22:42:02,025 - INFO -     Class 1: 0.4036
2026-01-15 22:42:02,025 - INFO -     Class 2: 0.7352
2026-01-15 22:42:04,009 - INFO -   Batch 1/2: Loss=0.2886, Dice=0.7188
2026-01-15 22:42:05,188 - INFO -   Batch 2/2: Loss=0.2512, Dice=0.7659
2026-01-15 22:42:06,287 - INFO -   Saved best model with Dice: 0.7204
2026-01-15 22:42:06,287 - INFO - 
Epoch 47/100 (4.3s):
2026-01-15 22:42:06,288 - INFO -   Train - Loss: 0.2699, Dice: 0.7423
2026-01-15 22:42:06,288 - INFO -   Val   - Loss: 0.8560, Dice: 0.7204
2026-01-15 22:42:06,288 - INFO -   Per-class Dice:
2026-01-15 22:42:06,288 - INFO -     Class 0: 0.9945
2026-01-15 22:42:06,288 - INFO -     Class 1: 0.4342
2026-01-15 22:42:06,288 - INFO -     Class 2: 0.7327
2026-01-15 22:42:08,248 - INFO -   Batch 1/2: Loss=0.2847, Dice=0.7224
2026-01-15 22:42:09,500 - INFO -   Batch 2/2: Loss=0.2649, Dice=0.7709
2026-01-15 22:42:10,594 - INFO -   Saved best model with Dice: 0.7320
2026-01-15 22:42:10,594 - INFO - 
Epoch 48/100 (4.3s):
2026-01-15 22:42:10,594 - INFO -   Train - Loss: 0.2748, Dice: 0.7467
2026-01-15 22:42:10,594 - INFO -   Val   - Loss: 0.8534, Dice: 0.7320
2026-01-15 22:42:10,594 - INFO -   Per-class Dice:
2026-01-15 22:42:10,594 - INFO -     Class 0: 0.9947
2026-01-15 22:42:10,594 - INFO -     Class 1: 0.4462
2026-01-15 22:42:10,594 - INFO -     Class 2: 0.7551
2026-01-15 22:42:12,612 - INFO -   Batch 1/2: Loss=0.2707, Dice=0.7538
2026-01-15 22:42:13,825 - INFO -   Batch 2/2: Loss=0.2809, Dice=0.6949
2026-01-15 22:42:14,744 - INFO - 
Epoch 49/100 (4.2s):
2026-01-15 22:42:14,744 - INFO -   Train - Loss: 0.2758, Dice: 0.7243
2026-01-15 22:42:14,744 - INFO -   Val   - Loss: 0.8514, Dice: 0.7278
2026-01-15 22:42:14,744 - INFO -   Per-class Dice:
2026-01-15 22:42:14,744 - INFO -     Class 0: 0.9941
2026-01-15 22:42:14,744 - INFO -     Class 1: 0.4363
2026-01-15 22:42:14,744 - INFO -     Class 2: 0.7531
2026-01-15 22:42:16,707 - INFO -   Batch 1/2: Loss=0.2681, Dice=0.7489
2026-01-15 22:42:17,939 - INFO -   Batch 2/2: Loss=0.2776, Dice=0.7138
2026-01-15 22:42:18,861 - INFO - 
Epoch 50/100 (4.1s):
2026-01-15 22:42:18,861 - INFO -   Train - Loss: 0.2729, Dice: 0.7314
2026-01-15 22:42:18,861 - INFO -   Val   - Loss: 0.8558, Dice: 0.7189
2026-01-15 22:42:18,861 - INFO -   Per-class Dice:
2026-01-15 22:42:18,861 - INFO -     Class 0: 0.9946
2026-01-15 22:42:18,861 - INFO -     Class 1: 0.4263
2026-01-15 22:42:18,861 - INFO -     Class 2: 0.7359
2026-01-15 22:42:20,835 - INFO -   Batch 1/2: Loss=0.2836, Dice=0.7093
2026-01-15 22:42:22,051 - INFO -   Batch 2/2: Loss=0.2548, Dice=0.8022
2026-01-15 22:42:22,953 - INFO - 
Epoch 51/100 (4.1s):
2026-01-15 22:42:22,953 - INFO -   Train - Loss: 0.2692, Dice: 0.7557
2026-01-15 22:42:22,953 - INFO -   Val   - Loss: 0.8524, Dice: 0.7263
2026-01-15 22:42:22,953 - INFO -   Per-class Dice:
2026-01-15 22:42:22,953 - INFO -     Class 0: 0.9943
2026-01-15 22:42:22,953 - INFO -     Class 1: 0.4318
2026-01-15 22:42:22,953 - INFO -     Class 2: 0.7527
2026-01-15 22:42:25,004 - INFO -   Batch 1/2: Loss=0.2711, Dice=0.7309
2026-01-15 22:42:26,202 - INFO -   Batch 2/2: Loss=0.2658, Dice=0.7295
2026-01-15 22:42:27,096 - INFO - 
Epoch 52/100 (4.1s):
2026-01-15 22:42:27,097 - INFO -   Train - Loss: 0.2685, Dice: 0.7302
2026-01-15 22:42:27,097 - INFO -   Val   - Loss: 0.8512, Dice: 0.7318
2026-01-15 22:42:27,097 - INFO -   Per-class Dice:
2026-01-15 22:42:27,097 - INFO -     Class 0: 0.9941
2026-01-15 22:42:27,097 - INFO -     Class 1: 0.4524
2026-01-15 22:42:27,097 - INFO -     Class 2: 0.7489
2026-01-15 22:42:29,134 - INFO -   Batch 1/2: Loss=0.2638, Dice=0.7439
2026-01-15 22:42:30,290 - INFO -   Batch 2/2: Loss=0.2776, Dice=0.7131
2026-01-15 22:42:31,382 - INFO -   Saved best model with Dice: 0.7366
2026-01-15 22:42:31,383 - INFO - 
Epoch 53/100 (4.3s):
2026-01-15 22:42:31,383 - INFO -   Train - Loss: 0.2707, Dice: 0.7285
2026-01-15 22:42:31,383 - INFO -   Val   - Loss: 0.8512, Dice: 0.7366
2026-01-15 22:42:31,383 - INFO -   Per-class Dice:
2026-01-15 22:42:31,383 - INFO -     Class 0: 0.9943
2026-01-15 22:42:31,383 - INFO -     Class 1: 0.4701
2026-01-15 22:42:31,383 - INFO -     Class 2: 0.7454
2026-01-15 22:42:33,444 - INFO -   Batch 1/2: Loss=0.2710, Dice=0.7288
2026-01-15 22:42:34,585 - INFO -   Batch 2/2: Loss=0.2606, Dice=0.7634
2026-01-15 22:42:35,483 - INFO - 
Epoch 54/100 (4.1s):
2026-01-15 22:42:35,483 - INFO -   Train - Loss: 0.2658, Dice: 0.7461
2026-01-15 22:42:35,483 - INFO -   Val   - Loss: 0.8492, Dice: 0.7279
2026-01-15 22:42:35,483 - INFO -   Per-class Dice:
2026-01-15 22:42:35,483 - INFO -     Class 0: 0.9933
2026-01-15 22:42:35,483 - INFO -     Class 1: 0.4466
2026-01-15 22:42:35,483 - INFO -     Class 2: 0.7439
2026-01-15 22:42:37,521 - INFO -   Batch 1/2: Loss=0.2888, Dice=0.6770
2026-01-15 22:42:38,720 - INFO -   Batch 2/2: Loss=0.2313, Dice=0.8237
2026-01-15 22:42:39,658 - INFO - 
Epoch 55/100 (4.2s):
2026-01-15 22:42:39,658 - INFO -   Train - Loss: 0.2600, Dice: 0.7503
2026-01-15 22:42:39,658 - INFO -   Val   - Loss: 0.8515, Dice: 0.7347
2026-01-15 22:42:39,658 - INFO -   Per-class Dice:
2026-01-15 22:42:39,658 - INFO -     Class 0: 0.9942
2026-01-15 22:42:39,658 - INFO -     Class 1: 0.4606
2026-01-15 22:42:39,658 - INFO -     Class 2: 0.7493
2026-01-15 22:42:41,667 - INFO -   Batch 1/2: Loss=0.2548, Dice=0.7850
2026-01-15 22:42:42,878 - INFO -   Batch 2/2: Loss=0.2865, Dice=0.6492
2026-01-15 22:42:43,950 - INFO -   Saved best model with Dice: 0.7386
2026-01-15 22:42:43,950 - INFO - 
Epoch 56/100 (4.3s):
2026-01-15 22:42:43,950 - INFO -   Train - Loss: 0.2706, Dice: 0.7171
2026-01-15 22:42:43,950 - INFO -   Val   - Loss: 0.8514, Dice: 0.7386
2026-01-15 22:42:43,950 - INFO -   Per-class Dice:
2026-01-15 22:42:43,950 - INFO -     Class 0: 0.9947
2026-01-15 22:42:43,950 - INFO -     Class 1: 0.4676
2026-01-15 22:42:43,951 - INFO -     Class 2: 0.7536
2026-01-15 22:42:46,022 - INFO -   Batch 1/2: Loss=0.2612, Dice=0.7358
2026-01-15 22:42:47,203 - INFO -   Batch 2/2: Loss=0.2832, Dice=0.7566
2026-01-15 22:42:48,119 - INFO - 
Epoch 57/100 (4.2s):
2026-01-15 22:42:48,119 - INFO -   Train - Loss: 0.2722, Dice: 0.7462
2026-01-15 22:42:48,119 - INFO -   Val   - Loss: 0.8481, Dice: 0.7273
2026-01-15 22:42:48,119 - INFO -   Per-class Dice:
2026-01-15 22:42:48,119 - INFO -     Class 0: 0.9931
2026-01-15 22:42:48,119 - INFO -     Class 1: 0.4524
2026-01-15 22:42:48,119 - INFO -     Class 2: 0.7365
2026-01-15 22:42:50,181 - INFO -   Batch 1/2: Loss=0.2693, Dice=0.7180
2026-01-15 22:42:51,324 - INFO -   Batch 2/2: Loss=0.2614, Dice=0.7580
2026-01-15 22:42:52,253 - INFO - 
Epoch 58/100 (4.1s):
2026-01-15 22:42:52,253 - INFO -   Train - Loss: 0.2654, Dice: 0.7380
2026-01-15 22:42:52,253 - INFO -   Val   - Loss: 0.8507, Dice: 0.6913
2026-01-15 22:42:52,253 - INFO -   Per-class Dice:
2026-01-15 22:42:52,253 - INFO -     Class 0: 0.9906
2026-01-15 22:42:52,253 - INFO -     Class 1: 0.3805
2026-01-15 22:42:52,253 - INFO -     Class 2: 0.7029
2026-01-15 22:42:54,281 - INFO -   Batch 1/2: Loss=0.2766, Dice=0.6808
2026-01-15 22:42:55,436 - INFO -   Batch 2/2: Loss=0.2497, Dice=0.7964
2026-01-15 22:42:56,363 - INFO - 
Epoch 59/100 (4.1s):
2026-01-15 22:42:56,364 - INFO -   Train - Loss: 0.2632, Dice: 0.7386
2026-01-15 22:42:56,364 - INFO -   Val   - Loss: 0.8491, Dice: 0.7162
2026-01-15 22:42:56,364 - INFO -   Per-class Dice:
2026-01-15 22:42:56,364 - INFO -     Class 0: 0.9926
2026-01-15 22:42:56,364 - INFO -     Class 1: 0.4325
2026-01-15 22:42:56,364 - INFO -     Class 2: 0.7234
2026-01-15 22:42:58,411 - INFO -   Batch 1/2: Loss=0.2525, Dice=0.7297
2026-01-15 22:42:59,579 - INFO -   Batch 2/2: Loss=0.2826, Dice=0.7273
2026-01-15 22:43:00,481 - INFO - 
Epoch 60/100 (4.1s):
2026-01-15 22:43:00,481 - INFO -   Train - Loss: 0.2675, Dice: 0.7285
2026-01-15 22:43:00,481 - INFO -   Val   - Loss: 0.8490, Dice: 0.7314
2026-01-15 22:43:00,481 - INFO -   Per-class Dice:
2026-01-15 22:43:00,481 - INFO -     Class 0: 0.9934
2026-01-15 22:43:00,481 - INFO -     Class 1: 0.4730
2026-01-15 22:43:00,481 - INFO -     Class 2: 0.7277
2026-01-15 22:43:02,573 - INFO -   Batch 1/2: Loss=0.2663, Dice=0.7538
2026-01-15 22:43:03,704 - INFO -   Batch 2/2: Loss=0.2582, Dice=0.7032
2026-01-15 22:43:04,624 - INFO - 
Epoch 61/100 (4.1s):
2026-01-15 22:43:04,625 - INFO -   Train - Loss: 0.2622, Dice: 0.7285
2026-01-15 22:43:04,625 - INFO -   Val   - Loss: 0.8504, Dice: 0.7265
2026-01-15 22:43:04,625 - INFO -   Per-class Dice:
2026-01-15 22:43:04,625 - INFO -     Class 0: 0.9934
2026-01-15 22:43:04,625 - INFO -     Class 1: 0.4611
2026-01-15 22:43:04,625 - INFO -     Class 2: 0.7251
2026-01-15 22:43:06,691 - INFO -   Batch 1/2: Loss=0.2607, Dice=0.7344
2026-01-15 22:43:07,874 - INFO -   Batch 2/2: Loss=0.2678, Dice=0.7351
2026-01-15 22:43:08,791 - INFO - 
Epoch 62/100 (4.2s):
2026-01-15 22:43:08,791 - INFO -   Train - Loss: 0.2642, Dice: 0.7348
2026-01-15 22:43:08,791 - INFO -   Val   - Loss: 0.8494, Dice: 0.7219
2026-01-15 22:43:08,791 - INFO -   Per-class Dice:
2026-01-15 22:43:08,791 - INFO -     Class 0: 0.9928
2026-01-15 22:43:08,791 - INFO -     Class 1: 0.4289
2026-01-15 22:43:08,791 - INFO -     Class 2: 0.7441
2026-01-15 22:43:10,922 - INFO -   Batch 1/2: Loss=0.2507, Dice=0.7425
2026-01-15 22:43:12,107 - INFO -   Batch 2/2: Loss=0.2856, Dice=0.6950
2026-01-15 22:43:13,044 - INFO -   Learning rate changed from 1.00e-04 to 5.00e-05
2026-01-15 22:43:13,044 - INFO - 
Epoch 63/100 (4.3s):
2026-01-15 22:43:13,045 - INFO -   Train - Loss: 0.2681, Dice: 0.7188
2026-01-15 22:43:13,045 - INFO -   Val   - Loss: 0.8504, Dice: 0.7331
2026-01-15 22:43:13,045 - INFO -   Per-class Dice:
2026-01-15 22:43:13,045 - INFO -     Class 0: 0.9941
2026-01-15 22:43:13,045 - INFO -     Class 1: 0.4621
2026-01-15 22:43:13,045 - INFO -     Class 2: 0.7432
2026-01-15 22:43:15,102 - INFO -   Batch 1/2: Loss=0.2631, Dice=0.7390
2026-01-15 22:43:16,283 - INFO -   Batch 2/2: Loss=0.2564, Dice=0.7244
2026-01-15 22:43:17,198 - INFO - 
Epoch 64/100 (4.2s):
2026-01-15 22:43:17,198 - INFO -   Train - Loss: 0.2597, Dice: 0.7317
2026-01-15 22:43:17,198 - INFO -   Val   - Loss: 0.8504, Dice: 0.7358
2026-01-15 22:43:17,198 - INFO -   Per-class Dice:
2026-01-15 22:43:17,198 - INFO -     Class 0: 0.9941
2026-01-15 22:43:17,198 - INFO -     Class 1: 0.4825
2026-01-15 22:43:17,198 - INFO -     Class 2: 0.7308
2026-01-15 22:43:19,196 - INFO -   Batch 1/2: Loss=0.2686, Dice=0.7385
2026-01-15 22:43:20,412 - INFO -   Batch 2/2: Loss=0.2448, Dice=0.7398
2026-01-15 22:43:21,323 - INFO - 
Epoch 65/100 (4.1s):
2026-01-15 22:43:21,324 - INFO -   Train - Loss: 0.2567, Dice: 0.7392
2026-01-15 22:43:21,324 - INFO -   Val   - Loss: 0.8489, Dice: 0.7264
2026-01-15 22:43:21,324 - INFO -   Per-class Dice:
2026-01-15 22:43:21,324 - INFO -     Class 0: 0.9931
2026-01-15 22:43:21,324 - INFO -     Class 1: 0.4635
2026-01-15 22:43:21,324 - INFO -     Class 2: 0.7226
2026-01-15 22:43:23,276 - INFO -   Batch 1/2: Loss=0.2687, Dice=0.7514
2026-01-15 22:43:24,516 - INFO -   Batch 2/2: Loss=0.2397, Dice=0.7049
2026-01-15 22:43:25,435 - INFO - 
Epoch 66/100 (4.1s):
2026-01-15 22:43:25,435 - INFO -   Train - Loss: 0.2542, Dice: 0.7282
2026-01-15 22:43:25,435 - INFO -   Val   - Loss: 0.8480, Dice: 0.7193
2026-01-15 22:43:25,435 - INFO -   Per-class Dice:
2026-01-15 22:43:25,435 - INFO -     Class 0: 0.9924
2026-01-15 22:43:25,435 - INFO -     Class 1: 0.4346
2026-01-15 22:43:25,435 - INFO -     Class 2: 0.7310
2026-01-15 22:43:27,448 - INFO -   Batch 1/2: Loss=0.2537, Dice=0.7501
2026-01-15 22:43:28,661 - INFO -   Batch 2/2: Loss=0.2662, Dice=0.6927
2026-01-15 22:43:29,588 - INFO - 
Epoch 67/100 (4.2s):
2026-01-15 22:43:29,588 - INFO -   Train - Loss: 0.2600, Dice: 0.7214
2026-01-15 22:43:29,588 - INFO -   Val   - Loss: 0.8485, Dice: 0.7314
2026-01-15 22:43:29,588 - INFO -   Per-class Dice:
2026-01-15 22:43:29,588 - INFO -     Class 0: 0.9933
2026-01-15 22:43:29,588 - INFO -     Class 1: 0.4600
2026-01-15 22:43:29,588 - INFO -     Class 2: 0.7409
2026-01-15 22:43:31,622 - INFO -   Batch 1/2: Loss=0.2632, Dice=0.7184
2026-01-15 22:43:32,823 - INFO -   Batch 2/2: Loss=0.2466, Dice=0.7549
2026-01-15 22:43:33,899 - INFO -   Saved best model with Dice: 0.7432
2026-01-15 22:43:33,899 - INFO - 
Epoch 68/100 (4.3s):
2026-01-15 22:43:33,899 - INFO -   Train - Loss: 0.2549, Dice: 0.7367
2026-01-15 22:43:33,899 - INFO -   Val   - Loss: 0.8510, Dice: 0.7432
2026-01-15 22:43:33,899 - INFO -   Per-class Dice:
2026-01-15 22:43:33,899 - INFO -     Class 0: 0.9945
2026-01-15 22:43:33,899 - INFO -     Class 1: 0.4863
2026-01-15 22:43:33,899 - INFO -     Class 2: 0.7489
2026-01-15 22:43:35,869 - INFO -   Batch 1/2: Loss=0.2702, Dice=0.7165
2026-01-15 22:43:37,105 - INFO -   Batch 2/2: Loss=0.2324, Dice=0.7696
2026-01-15 22:43:38,017 - INFO -   Learning rate changed from 5.00e-05 to 2.50e-05
2026-01-15 22:43:38,017 - INFO - 
Epoch 69/100 (4.1s):
2026-01-15 22:43:38,017 - INFO -   Train - Loss: 0.2513, Dice: 0.7430
2026-01-15 22:43:38,017 - INFO -   Val   - Loss: 0.8517, Dice: 0.7428
2026-01-15 22:43:38,017 - INFO -   Per-class Dice:
2026-01-15 22:43:38,017 - INFO -     Class 0: 0.9947
2026-01-15 22:43:38,018 - INFO -     Class 1: 0.4838
2026-01-15 22:43:38,018 - INFO -     Class 2: 0.7498
2026-01-15 22:43:40,010 - INFO -   Batch 1/2: Loss=0.2532, Dice=0.7321
2026-01-15 22:43:41,203 - INFO -   Batch 2/2: Loss=0.2622, Dice=0.7426
2026-01-15 22:43:42,132 - INFO - 
Epoch 70/100 (4.1s):
2026-01-15 22:43:42,132 - INFO -   Train - Loss: 0.2577, Dice: 0.7373
2026-01-15 22:43:42,132 - INFO -   Val   - Loss: 0.8504, Dice: 0.7411
2026-01-15 22:43:42,132 - INFO -   Per-class Dice:
2026-01-15 22:43:42,132 - INFO -     Class 0: 0.9943
2026-01-15 22:43:42,132 - INFO -     Class 1: 0.4836
2026-01-15 22:43:42,132 - INFO -     Class 2: 0.7453
2026-01-15 22:43:44,211 - INFO -   Batch 1/2: Loss=0.2524, Dice=0.7211
2026-01-15 22:43:45,378 - INFO -   Batch 2/2: Loss=0.2617, Dice=0.7516
2026-01-15 22:43:46,301 - INFO - 
Epoch 71/100 (4.2s):
2026-01-15 22:43:46,301 - INFO -   Train - Loss: 0.2571, Dice: 0.7364
2026-01-15 22:43:46,301 - INFO -   Val   - Loss: 0.8494, Dice: 0.7348
2026-01-15 22:43:46,301 - INFO -   Per-class Dice:
2026-01-15 22:43:46,301 - INFO -     Class 0: 0.9937
2026-01-15 22:43:46,301 - INFO -     Class 1: 0.4722
2026-01-15 22:43:46,301 - INFO -     Class 2: 0.7386
2026-01-15 22:43:48,401 - INFO -   Batch 1/2: Loss=0.2520, Dice=0.7537
2026-01-15 22:43:49,585 - INFO -   Batch 2/2: Loss=0.2603, Dice=0.6887
2026-01-15 22:43:50,519 - INFO - 
Epoch 72/100 (4.2s):
2026-01-15 22:43:50,519 - INFO -   Train - Loss: 0.2562, Dice: 0.7212
2026-01-15 22:43:50,519 - INFO -   Val   - Loss: 0.8492, Dice: 0.7279
2026-01-15 22:43:50,519 - INFO -   Per-class Dice:
2026-01-15 22:43:50,519 - INFO -     Class 0: 0.9932
2026-01-15 22:43:50,519 - INFO -     Class 1: 0.4589
2026-01-15 22:43:50,519 - INFO -     Class 2: 0.7317
2026-01-15 22:43:52,570 - INFO -   Batch 1/2: Loss=0.2573, Dice=0.7259
2026-01-15 22:43:53,760 - INFO -   Batch 2/2: Loss=0.2510, Dice=0.7359
2026-01-15 22:43:54,687 - INFO - 
Epoch 73/100 (4.2s):
2026-01-15 22:43:54,687 - INFO -   Train - Loss: 0.2541, Dice: 0.7309
2026-01-15 22:43:54,687 - INFO -   Val   - Loss: 0.8495, Dice: 0.7281
2026-01-15 22:43:54,687 - INFO -   Per-class Dice:
2026-01-15 22:43:54,687 - INFO -     Class 0: 0.9933
2026-01-15 22:43:54,687 - INFO -     Class 1: 0.4614
2026-01-15 22:43:54,687 - INFO -     Class 2: 0.7295
2026-01-15 22:43:56,738 - INFO -   Batch 1/2: Loss=0.2680, Dice=0.6937
2026-01-15 22:43:57,898 - INFO -   Batch 2/2: Loss=0.2316, Dice=0.7936
2026-01-15 22:43:58,810 - INFO - 
Epoch 74/100 (4.1s):
2026-01-15 22:43:58,810 - INFO -   Train - Loss: 0.2498, Dice: 0.7437
2026-01-15 22:43:58,810 - INFO -   Val   - Loss: 0.8496, Dice: 0.7333
2026-01-15 22:43:58,810 - INFO -   Per-class Dice:
2026-01-15 22:43:58,810 - INFO -     Class 0: 0.9936
2026-01-15 22:43:58,810 - INFO -     Class 1: 0.4721
2026-01-15 22:43:58,810 - INFO -     Class 2: 0.7342
2026-01-15 22:44:00,824 - INFO -   Batch 1/2: Loss=0.2685, Dice=0.6933
2026-01-15 22:44:02,041 - INFO -   Batch 2/2: Loss=0.2299, Dice=0.7894
2026-01-15 22:44:02,939 - INFO -   Learning rate changed from 2.50e-05 to 1.25e-05
2026-01-15 22:44:02,939 - INFO - 
Epoch 75/100 (4.1s):
2026-01-15 22:44:02,939 - INFO -   Train - Loss: 0.2492, Dice: 0.7414
2026-01-15 22:44:02,939 - INFO -   Val   - Loss: 0.8497, Dice: 0.7403
2026-01-15 22:44:02,939 - INFO -   Per-class Dice:
2026-01-15 22:44:02,939 - INFO -     Class 0: 0.9941
2026-01-15 22:44:02,939 - INFO -     Class 1: 0.4842
2026-01-15 22:44:02,939 - INFO -     Class 2: 0.7425
2026-01-15 22:44:04,972 - INFO -   Batch 1/2: Loss=0.2560, Dice=0.7152
2026-01-15 22:44:06,166 - INFO -   Batch 2/2: Loss=0.2509, Dice=0.7663
2026-01-15 22:44:07,090 - INFO - 
Epoch 76/100 (4.2s):
2026-01-15 22:44:07,090 - INFO -   Train - Loss: 0.2535, Dice: 0.7407
2026-01-15 22:44:07,090 - INFO -   Val   - Loss: 0.8497, Dice: 0.7415
2026-01-15 22:44:07,090 - INFO -   Per-class Dice:
2026-01-15 22:44:07,090 - INFO -     Class 0: 0.9942
2026-01-15 22:44:07,090 - INFO -     Class 1: 0.4850
2026-01-15 22:44:07,090 - INFO -     Class 2: 0.7451
2026-01-15 22:44:09,074 - INFO -   Batch 1/2: Loss=0.2583, Dice=0.7041
2026-01-15 22:44:10,326 - INFO -   Batch 2/2: Loss=0.2463, Dice=0.7775
2026-01-15 22:44:11,249 - INFO - 
Epoch 77/100 (4.2s):
2026-01-15 22:44:11,250 - INFO -   Train - Loss: 0.2523, Dice: 0.7408
2026-01-15 22:44:11,250 - INFO -   Val   - Loss: 0.8497, Dice: 0.7412
2026-01-15 22:44:11,250 - INFO -   Per-class Dice:
2026-01-15 22:44:11,250 - INFO -     Class 0: 0.9942
2026-01-15 22:44:11,250 - INFO -     Class 1: 0.4833
2026-01-15 22:44:11,250 - INFO -     Class 2: 0.7461
2026-01-15 22:44:13,286 - INFO -   Batch 1/2: Loss=0.2454, Dice=0.7587
2026-01-15 22:44:14,456 - INFO -   Batch 2/2: Loss=0.2679, Dice=0.6868
2026-01-15 22:44:15,443 - INFO - 
Epoch 78/100 (4.2s):
2026-01-15 22:44:15,443 - INFO -   Train - Loss: 0.2566, Dice: 0.7227
2026-01-15 22:44:15,443 - INFO -   Val   - Loss: 0.8497, Dice: 0.7405
2026-01-15 22:44:15,443 - INFO -   Per-class Dice:
2026-01-15 22:44:15,443 - INFO -     Class 0: 0.9942
2026-01-15 22:44:15,443 - INFO -     Class 1: 0.4823
2026-01-15 22:44:15,443 - INFO -     Class 2: 0.7450
2026-01-15 22:44:17,498 - INFO -   Batch 1/2: Loss=0.2509, Dice=0.7569
2026-01-15 22:44:18,670 - INFO -   Batch 2/2: Loss=0.2668, Dice=0.6872
2026-01-15 22:44:19,597 - INFO - 
Epoch 79/100 (4.2s):
2026-01-15 22:44:19,598 - INFO -   Train - Loss: 0.2588, Dice: 0.7221
2026-01-15 22:44:19,598 - INFO -   Val   - Loss: 0.8499, Dice: 0.7405
2026-01-15 22:44:19,598 - INFO -   Per-class Dice:
2026-01-15 22:44:19,598 - INFO -     Class 0: 0.9942
2026-01-15 22:44:19,598 - INFO -     Class 1: 0.4830
2026-01-15 22:44:19,598 - INFO -     Class 2: 0.7443
2026-01-15 22:44:21,594 - INFO -   Batch 1/2: Loss=0.2501, Dice=0.7275
2026-01-15 22:44:22,801 - INFO -   Batch 2/2: Loss=0.2571, Dice=0.7372
2026-01-15 22:44:23,734 - INFO - 
Epoch 80/100 (4.1s):
2026-01-15 22:44:23,734 - INFO -   Train - Loss: 0.2536, Dice: 0.7324
2026-01-15 22:44:23,734 - INFO -   Val   - Loss: 0.8505, Dice: 0.7409
2026-01-15 22:44:23,734 - INFO -   Per-class Dice:
2026-01-15 22:44:23,734 - INFO -     Class 0: 0.9943
2026-01-15 22:44:23,734 - INFO -     Class 1: 0.4845
2026-01-15 22:44:23,734 - INFO -     Class 2: 0.7439
2026-01-15 22:44:25,724 - INFO -   Batch 1/2: Loss=0.2555, Dice=0.7051
2026-01-15 22:44:26,930 - INFO -   Batch 2/2: Loss=0.2486, Dice=0.7742
2026-01-15 22:44:27,847 - INFO -   Learning rate changed from 1.25e-05 to 6.25e-06
2026-01-15 22:44:27,848 - INFO - 
Epoch 81/100 (4.1s):
2026-01-15 22:44:27,848 - INFO -   Train - Loss: 0.2520, Dice: 0.7396
2026-01-15 22:44:27,848 - INFO -   Val   - Loss: 0.8507, Dice: 0.7405
2026-01-15 22:44:27,848 - INFO -   Per-class Dice:
2026-01-15 22:44:27,848 - INFO -     Class 0: 0.9943
2026-01-15 22:44:27,848 - INFO -     Class 1: 0.4842
2026-01-15 22:44:27,848 - INFO -     Class 2: 0.7430
2026-01-15 22:44:29,863 - INFO -   Batch 1/2: Loss=0.2512, Dice=0.7618
2026-01-15 22:44:31,046 - INFO -   Batch 2/2: Loss=0.2544, Dice=0.6898
2026-01-15 22:44:31,948 - INFO - 
Epoch 82/100 (4.1s):
2026-01-15 22:44:31,948 - INFO -   Train - Loss: 0.2528, Dice: 0.7258
2026-01-15 22:44:31,948 - INFO -   Val   - Loss: 0.8504, Dice: 0.7402
2026-01-15 22:44:31,948 - INFO -   Per-class Dice:
2026-01-15 22:44:31,948 - INFO -     Class 0: 0.9943
2026-01-15 22:44:31,948 - INFO -     Class 1: 0.4845
2026-01-15 22:44:31,948 - INFO -     Class 2: 0.7418
2026-01-15 22:44:33,904 - INFO -   Batch 1/2: Loss=0.2574, Dice=0.7220
2026-01-15 22:44:35,200 - INFO -   Batch 2/2: Loss=0.2448, Dice=0.7506
2026-01-15 22:44:36,113 - INFO - 
Epoch 83/100 (4.2s):
2026-01-15 22:44:36,113 - INFO -   Train - Loss: 0.2511, Dice: 0.7363
2026-01-15 22:44:36,113 - INFO -   Val   - Loss: 0.8500, Dice: 0.7387
2026-01-15 22:44:36,113 - INFO -   Per-class Dice:
2026-01-15 22:44:36,113 - INFO -     Class 0: 0.9941
2026-01-15 22:44:36,113 - INFO -     Class 1: 0.4820
2026-01-15 22:44:36,113 - INFO -     Class 2: 0.7401
2026-01-15 22:44:38,115 - INFO -   Batch 1/2: Loss=0.2408, Dice=0.7480
2026-01-15 22:44:39,327 - INFO -   Batch 2/2: Loss=0.2714, Dice=0.7060
2026-01-15 22:44:40,251 - INFO - 
Epoch 84/100 (4.1s):
2026-01-15 22:44:40,251 - INFO -   Train - Loss: 0.2561, Dice: 0.7270
2026-01-15 22:44:40,251 - INFO -   Val   - Loss: 0.8496, Dice: 0.7374
2026-01-15 22:44:40,251 - INFO -   Per-class Dice:
2026-01-15 22:44:40,251 - INFO -     Class 0: 0.9939
2026-01-15 22:44:40,251 - INFO -     Class 1: 0.4786
2026-01-15 22:44:40,251 - INFO -     Class 2: 0.7396
2026-01-15 22:44:42,293 - INFO -   Batch 1/2: Loss=0.2443, Dice=0.7482
2026-01-15 22:44:43,478 - INFO -   Batch 2/2: Loss=0.2674, Dice=0.7056
2026-01-15 22:44:44,408 - INFO - 
Epoch 85/100 (4.2s):
2026-01-15 22:44:44,408 - INFO -   Train - Loss: 0.2559, Dice: 0.7269
2026-01-15 22:44:44,408 - INFO -   Val   - Loss: 0.8492, Dice: 0.7360
2026-01-15 22:44:44,408 - INFO -   Per-class Dice:
2026-01-15 22:44:44,408 - INFO -     Class 0: 0.9938
2026-01-15 22:44:44,408 - INFO -     Class 1: 0.4761
2026-01-15 22:44:44,408 - INFO -     Class 2: 0.7381
2026-01-15 22:44:46,438 - INFO -   Batch 1/2: Loss=0.2673, Dice=0.7008
2026-01-15 22:44:47,628 - INFO -   Batch 2/2: Loss=0.2274, Dice=0.7788
2026-01-15 22:44:48,600 - INFO - 
Epoch 86/100 (4.2s):
2026-01-15 22:44:48,600 - INFO -   Train - Loss: 0.2473, Dice: 0.7398
2026-01-15 22:44:48,600 - INFO -   Val   - Loss: 0.8490, Dice: 0.7352
2026-01-15 22:44:48,600 - INFO -   Per-class Dice:
2026-01-15 22:44:48,600 - INFO -     Class 0: 0.9937
2026-01-15 22:44:48,600 - INFO -     Class 1: 0.4749
2026-01-15 22:44:48,600 - INFO -     Class 2: 0.7370
2026-01-15 22:44:50,685 - INFO -   Batch 1/2: Loss=0.2508, Dice=0.7346
2026-01-15 22:44:51,880 - INFO -   Batch 2/2: Loss=0.2542, Dice=0.7270
2026-01-15 22:44:52,796 - INFO -   Learning rate changed from 6.25e-06 to 3.13e-06
2026-01-15 22:44:52,796 - INFO - 
Epoch 87/100 (4.2s):
2026-01-15 22:44:52,796 - INFO -   Train - Loss: 0.2525, Dice: 0.7308
2026-01-15 22:44:52,796 - INFO -   Val   - Loss: 0.8490, Dice: 0.7345
2026-01-15 22:44:52,796 - INFO -   Per-class Dice:
2026-01-15 22:44:52,796 - INFO -     Class 0: 0.9936
2026-01-15 22:44:52,796 - INFO -     Class 1: 0.4738
2026-01-15 22:44:52,796 - INFO -     Class 2: 0.7361
2026-01-15 22:44:54,878 - INFO -   Batch 1/2: Loss=0.2565, Dice=0.7405
2026-01-15 22:44:56,063 - INFO -   Batch 2/2: Loss=0.2460, Dice=0.7164
2026-01-15 22:44:56,985 - INFO - 
Epoch 88/100 (4.2s):
2026-01-15 22:44:56,985 - INFO -   Train - Loss: 0.2513, Dice: 0.7284
2026-01-15 22:44:56,985 - INFO -   Val   - Loss: 0.8490, Dice: 0.7345
2026-01-15 22:44:56,986 - INFO -   Per-class Dice:
2026-01-15 22:44:56,986 - INFO -     Class 0: 0.9936
2026-01-15 22:44:56,986 - INFO -     Class 1: 0.4746
2026-01-15 22:44:56,986 - INFO -     Class 2: 0.7353
2026-01-15 22:44:58,997 - INFO -   Batch 1/2: Loss=0.2488, Dice=0.7520
2026-01-15 22:45:00,180 - INFO -   Batch 2/2: Loss=0.2597, Dice=0.6910
2026-01-15 22:45:01,108 - INFO - 
Epoch 89/100 (4.1s):
2026-01-15 22:45:01,108 - INFO -   Train - Loss: 0.2542, Dice: 0.7215
2026-01-15 22:45:01,108 - INFO -   Val   - Loss: 0.8490, Dice: 0.7348
2026-01-15 22:45:01,108 - INFO -   Per-class Dice:
2026-01-15 22:45:01,108 - INFO -     Class 0: 0.9936
2026-01-15 22:45:01,108 - INFO -     Class 1: 0.4751
2026-01-15 22:45:01,108 - INFO -     Class 2: 0.7355
2026-01-15 22:45:03,081 - INFO -   Batch 1/2: Loss=0.2390, Dice=0.7395
2026-01-15 22:45:04,349 - INFO -   Batch 2/2: Loss=0.2779, Dice=0.7198
2026-01-15 22:45:05,272 - INFO - 
Epoch 90/100 (4.2s):
2026-01-15 22:45:05,272 - INFO -   Train - Loss: 0.2584, Dice: 0.7296
2026-01-15 22:45:05,272 - INFO -   Val   - Loss: 0.8490, Dice: 0.7355
2026-01-15 22:45:05,272 - INFO -   Per-class Dice:
2026-01-15 22:45:05,272 - INFO -     Class 0: 0.9937
2026-01-15 22:45:05,272 - INFO -     Class 1: 0.4772
2026-01-15 22:45:05,272 - INFO -     Class 2: 0.7355
2026-01-15 22:45:07,269 - INFO -   Batch 1/2: Loss=0.2508, Dice=0.7302
2026-01-15 22:45:08,467 - INFO -   Batch 2/2: Loss=0.2545, Dice=0.7344
2026-01-15 22:45:09,384 - INFO - 
Epoch 91/100 (4.1s):
2026-01-15 22:45:09,384 - INFO -   Train - Loss: 0.2526, Dice: 0.7323
2026-01-15 22:45:09,384 - INFO -   Val   - Loss: 0.8491, Dice: 0.7364
2026-01-15 22:45:09,384 - INFO -   Per-class Dice:
2026-01-15 22:45:09,384 - INFO -     Class 0: 0.9937
2026-01-15 22:45:09,384 - INFO -     Class 1: 0.4788
2026-01-15 22:45:09,384 - INFO -     Class 2: 0.7366
2026-01-15 22:45:11,405 - INFO -   Batch 1/2: Loss=0.2631, Dice=0.7053
2026-01-15 22:45:12,589 - INFO -   Batch 2/2: Loss=0.2328, Dice=0.7748
2026-01-15 22:45:13,509 - INFO - 
Epoch 92/100 (4.1s):
2026-01-15 22:45:13,509 - INFO -   Train - Loss: 0.2480, Dice: 0.7401
2026-01-15 22:45:13,509 - INFO -   Val   - Loss: 0.8493, Dice: 0.7372
2026-01-15 22:45:13,509 - INFO -   Per-class Dice:
2026-01-15 22:45:13,509 - INFO -     Class 0: 0.9938
2026-01-15 22:45:13,509 - INFO -     Class 1: 0.4801
2026-01-15 22:45:13,509 - INFO -     Class 2: 0.7376
2026-01-15 22:45:15,513 - INFO -   Batch 1/2: Loss=0.2488, Dice=0.7217
2026-01-15 22:45:16,697 - INFO -   Batch 2/2: Loss=0.2580, Dice=0.7509
2026-01-15 22:45:17,611 - INFO -   Learning rate changed from 3.13e-06 to 1.56e-06
2026-01-15 22:45:17,611 - INFO - 
Epoch 93/100 (4.1s):
2026-01-15 22:45:17,611 - INFO -   Train - Loss: 0.2534, Dice: 0.7363
2026-01-15 22:45:17,611 - INFO -   Val   - Loss: 0.8494, Dice: 0.7378
2026-01-15 22:45:17,611 - INFO -   Per-class Dice:
2026-01-15 22:45:17,611 - INFO -     Class 0: 0.9939
2026-01-15 22:45:17,611 - INFO -     Class 1: 0.4817
2026-01-15 22:45:17,611 - INFO -     Class 2: 0.7380
2026-01-15 22:45:19,595 - INFO -   Batch 1/2: Loss=0.2489, Dice=0.7264
2026-01-15 22:45:20,848 - INFO -   Batch 2/2: Loss=0.2608, Dice=0.7433
2026-01-15 22:45:21,768 - INFO - 
Epoch 94/100 (4.2s):
2026-01-15 22:45:21,768 - INFO -   Train - Loss: 0.2549, Dice: 0.7348
2026-01-15 22:45:21,768 - INFO -   Val   - Loss: 0.8495, Dice: 0.7372
2026-01-15 22:45:21,768 - INFO -   Per-class Dice:
2026-01-15 22:45:21,768 - INFO -     Class 0: 0.9939
2026-01-15 22:45:21,768 - INFO -     Class 1: 0.4803
2026-01-15 22:45:21,768 - INFO -     Class 2: 0.7376
2026-01-15 22:45:23,774 - INFO -   Batch 1/2: Loss=0.2451, Dice=0.7598
2026-01-15 22:45:25,020 - INFO -   Batch 2/2: Loss=0.2681, Dice=0.6849
2026-01-15 22:45:25,953 - INFO - 
Epoch 95/100 (4.2s):
2026-01-15 22:45:25,953 - INFO -   Train - Loss: 0.2566, Dice: 0.7224
2026-01-15 22:45:25,953 - INFO -   Val   - Loss: 0.8494, Dice: 0.7370
2026-01-15 22:45:25,953 - INFO -   Per-class Dice:
2026-01-15 22:45:25,953 - INFO -     Class 0: 0.9939
2026-01-15 22:45:25,953 - INFO -     Class 1: 0.4798
2026-01-15 22:45:25,953 - INFO -     Class 2: 0.7373
2026-01-15 22:45:28,006 - INFO -   Batch 1/2: Loss=0.2466, Dice=0.7523
2026-01-15 22:45:29,203 - INFO -   Batch 2/2: Loss=0.2611, Dice=0.6990
2026-01-15 22:45:30,144 - INFO - 
Epoch 96/100 (4.2s):
2026-01-15 22:45:30,144 - INFO -   Train - Loss: 0.2539, Dice: 0.7257
2026-01-15 22:45:30,144 - INFO -   Val   - Loss: 0.8494, Dice: 0.7372
2026-01-15 22:45:30,144 - INFO -   Per-class Dice:
2026-01-15 22:45:30,144 - INFO -     Class 0: 0.9938
2026-01-15 22:45:30,144 - INFO -     Class 1: 0.4803
2026-01-15 22:45:30,144 - INFO -     Class 2: 0.7374
2026-01-15 22:45:32,180 - INFO -   Batch 1/2: Loss=0.2558, Dice=0.7217
2026-01-15 22:45:33,356 - INFO -   Batch 2/2: Loss=0.2445, Dice=0.7503
2026-01-15 22:45:34,284 - INFO - 
Epoch 97/100 (4.1s):
2026-01-15 22:45:34,284 - INFO -   Train - Loss: 0.2502, Dice: 0.7360
2026-01-15 22:45:34,284 - INFO -   Val   - Loss: 0.8494, Dice: 0.7372
2026-01-15 22:45:34,284 - INFO -   Per-class Dice:
2026-01-15 22:45:34,285 - INFO -     Class 0: 0.9939
2026-01-15 22:45:34,285 - INFO -     Class 1: 0.4804
2026-01-15 22:45:34,285 - INFO -     Class 2: 0.7374
2026-01-15 22:45:36,302 - INFO -   Batch 1/2: Loss=0.2452, Dice=0.7452
2026-01-15 22:45:37,542 - INFO -   Batch 2/2: Loss=0.2644, Dice=0.7157
2026-01-15 22:45:38,476 - INFO - 
Epoch 98/100 (4.2s):
2026-01-15 22:45:38,476 - INFO -   Train - Loss: 0.2548, Dice: 0.7305
2026-01-15 22:45:38,476 - INFO -   Val   - Loss: 0.8494, Dice: 0.7372
2026-01-15 22:45:38,476 - INFO -   Per-class Dice:
2026-01-15 22:45:38,476 - INFO -     Class 0: 0.9939
2026-01-15 22:45:38,476 - INFO -     Class 1: 0.4801
2026-01-15 22:45:38,476 - INFO -     Class 2: 0.7375
2026-01-15 22:45:38,476 - INFO - 
Early stopping triggered after 98 epochs
2026-01-15 22:45:38,478 - INFO - 
Training completed. Best validation Dice: 0.7432
2026-01-15 22:45:39,064 - INFO - 
============================================================
2026-01-15 22:45:39,064 - INFO - EVALUATION ON TEST SET
2026-01-15 22:45:39,064 - INFO - ============================================================
2026-01-15 22:45:40,169 - INFO - 
Overall Dice Score: 0.6761 ± 0.0000
2026-01-15 22:45:40,169 - INFO - 
Per-class Dice Scores:
2026-01-15 22:45:40,169 - INFO -   NO-PG : 0.9941 ± 0.0000
2026-01-15 22:45:40,169 - INFO -   PZ    : 0.3490 ± 0.0000
2026-01-15 22:45:40,169 - INFO -   TZ    : 0.6852 ± 0.0000
2026-01-15 22:45:40,169 - INFO - 
Generating prediction visualizations...
2026-01-15 22:45:41,896 - INFO - 
Training completed successfully!
2026-01-15 22:45:41,896 - INFO - Best validation Dice: 0.7432
2026-01-15 22:45:41,896 - INFO - Test Dice: 0.6761
